date,URL,Title,Full text
"Oktober 10, 2024",http://turnbackhoax.id/2024/10/10/penipuan-panggilan-wa-pinjam-dana-dari-pjs-bupati-asahan/,[PENIPUAN] Panggilan WA â€œPinjam Danaâ€ dari Pjs Bupati Asahan,"Disadur dari laman resmi Pemerintah Kabupaten (Pemkab) Asahan.
Beredar pesan WhatsApp dari akun berfoto profil Pjs Bupati Asahan Basarin Yunus Tanjung. Akun dengan nomor 0822 4131 2224 itu melakukan panggilan suara untuk meminjam dana.
Melansir laman resmi Pemkab Asahan, Kepala Dinas Kominfo Kabupaten Asahan Arbin Ariadi menegaskan nomor tersebut bukanlah milik Pjs Bupati Asahan. Masyarakat diminta tidak mudah percaya terhadap akun yang mengatasnamakan pejabat di lingkungan Pemkab Asahan.
Nomor WhatsApp tersebut sampai saat ini masih ada, tetapi telah berganti foto profil orang lain."
"Oktober 10, 2024",http://turnbackhoax.id/2024/10/10/salah-anies-baswedan-jadi-ketua-umum-partai-perubahan-indonesia/,[SALAH] Anies Baswedan Jadi Ketua Umum Partai Perubahan Indonesia,"Salah satu unggahan video di grup Facebook â€œINDONESIA BERSUARAâ€ dari akun anonim pada Minggu (29/9/2024) menyebut Anies Baswedan merupakan Ketua Umum Partai Perubahan Indonesia. Video berasal dari akun TikTok â€œalibaba_idâ€, telah dilihat lebih dari 1,3 juta kali dan disukai 100 ribu akun.
Tim pemeriksa fakta Mafindo (TurnBackHoax) menelusuri klaim itu menggunakan mesin pencarian Google dengan kata kunci â€œAnies Baswedan Ketua Umum Partai Perubahan Indonesiaâ€. Hasilnya, tidak ada pemberitaan kredibel yang membenarkan Anies adalah Ketua Umum Partai Perubahan Indonesia.
Dalam video â€œCatatan Anies Pasca Pilpres dan Pendaftaran Pilkada 2024â€ yang diunggah di kanal YouTube resmi Anies Baswedan pada Jumat (20/8/2024), Anies memang mengungkap kemungkinan dirinya membuat organisasi masyarakat (ormas) atau partai baru. Namun, Anies tak secara eksplisit mengatakan ia akan memimpin partai itu dan hanya mengajak publik untuk menunggu perkembangan lebih lanjut.
Sebelumnya, di media sosial beredar tautan (link) pendaftaran Partai Perubahan yang didirikan oleh Anies Baswedan. Konten tersebut sudah dibantah kebenarannya oleh tim pemeriksa fakta Mafindo (TurnBackHoax). Anies Baswedan melalui Instagram-nya pada Sabtu (31/8/2024) menyampaikan pihaknya belum mengedarkan apapun terkait adanya ormas atau partai baru."
"Oktober 10, 2024",http://turnbackhoax.id/2024/10/10/salah-dpr-sahkan-ruu-wantimpres-eks-napi-bisa-jadi-anggota/,"[SALAH] DPR Sahkan RUU Wantimpres, Eks Napi Bisa Jadi Anggota","Akun Facebook â€œAbd Halim Farid Efendiâ€ mengunggah tangkapan layar dari akun Tiktok @platform.id yang isinya berupa narasi â€œDPR Sahkan RUU Wantimpres, Eks Narapidana Bisa
Tim pemeriksa fakta Mafindo (TurnBackHoax) kemudian menelusuri klaim tersebut dengan mengetikkan kata kunci â€œEks Narapidana Bisa
Dilansir dari Kompas.com, penyempurnaan tersebut mengubah bunyi Pasal 8 huruf G menjadi â€œtidak pernah diancam atau dijatuhi hukuman berdasarkan putusan pengadilan yang telah memperoleh kekuatan hukum tetap.â€
Orang yang pernah diancam atau dijatuhi hukuman berdasarkan putusan pengadilanâ€”termasuk bekas narapidanaâ€”tidak memenuhi syarat untuk menjadi anggota Wantimpres.
â€”â€”â€”â€”â€”â€”â€”â€”â€”â€”â€”â€”â€”â€”â€”â€”â€”â€”â€”â€”"
"Oktober 9, 2024",http://turnbackhoax.id/2024/10/09/penipuan-pjs-wali-kota-makassar-pinjam-uang-lewat-pesan-wa/,[PENIPUAN] Pjs Wali Kota Makassar Pinjam Uang Lewat Pesan WA,"Akun WhatsApp (WA) bernomor 0852 5776 8249 memasang foto profil Pjs Wali Kota Makassar Andi Arwin Aziz dan mengirimkan pesan permintaan meminjam uang.
â€œPjs Arwin Azis secara tegas menyatakan bahwa akun WA tersebut bukan nomor dan akun miliknya serta itu termasuk hoax,â€ tulis Pemkot Makassar pada Jumat (4/10/2024).
Dikutip dari pemberitaan Makassar Kota, Andi Arwin Azis dilantik menjadi Pjs Wali Kota Makassar pada Rabu (25/9/2024), menggantikan Ramdhan Pomanto yang cuti untuk pemilihan kepala daerah (Pilkada).
Referensi:"
"Oktober 8, 2024",http://turnbackhoax.id/2024/10/08/salah-nama-jokowi-tidak-disebut-saat-pelantikan-dpr-ri-2024-2029/,[SALAH] Nama Jokowi Tidak Disebut saat Pelantikan DPR RI 2024/2029,"Akun Twitter â€œBantoroâ€ pada Jumat (4/10/2024) mengunggah video dengan narasi yang mengeklaim nama Joko Widodo tidak disebutkan dalam pelantikan DPR RI 2024/2029. Per Selasa (8/10/2024), unggahan telah lihat lebih dari 50 ribu kali, menuai 300-an tanda suka, serta dibagikan ulang hampir 150 kali.
Tim pemeriksa fakta Mafindo (TurnBackHoax) kemudian menelusuri kebenaran klaim tersebut lewat tayangan siaran â€œPelantikan dan Pengucapan Sumpah/Janji Anggota DPR/DPD/MPR RI Periode 2024â€”2019â€ di kanal YouTube DPR RI.
Hasilnya, di menit ke 1:21:30, Pimpinan Sementara DPR RI dalam pembukaan pelantikan menyebut nama Joko Widodo dan jabatannya (Presiden Republik Indonesia), yang diikuti dengan tepuk tangan oleh anggota DPR/DPD/MPR yang hadir. Pimpinan Sementara MPR RI dan Pimpinan Sementara DPD RI juga menyebut nama Joko Widodo."
"Oktober 8, 2024",http://turnbackhoax.id/2024/10/08/salah-potret-kakek-anies-baswedan-berdiri-di-antara-ir-soekarno-dan-jenderal-soedirman/,[SALAH] Potret Kakek Anies Baswedan Berdiri di antara Ir Soekarno dan Jenderal Soedirman,"Akun Facebook â€œAjie Petualangâ€ pada Selasa (17/9/2024) mengunggah foto hitam putih, dinarasikan sebagai potret kakek Anies Baswedan yang berdiri di antara Ir Soekarno dan Jenderal Soedirman. Per Selasa (8/10/2024), konten itu telah disukai oleh sembilan akun. Meski impresinya minim, unggahan ini berpotensi menyebarkan kebencian lantaran disertai narasi â€œOrang tua mulyono yg mana dong?? ğŸ¤£ğŸ¤£ğŸ¤£â€.
Tim pemeriksa fakta Mafindo (TurnBackHoax) kemudian menelusuri foto tersebut lewat Google Lens. Hasilnya, ditemukan sejumlah artikel dari media kredibelâ€”seperti Kompas.com, Antara, hingga Jawa Posâ€”yang telah meluruskan klaim ini.
Konten foto itu merupakan hoaks lama yang pada Agustus 2020 telah diungkap kebenarannya, termasuk oleh TurnBackHoax, dalam artikel â€œ[SALAH] â€œYang ada di antara Ir Soekarno dan Jenderal Soedirman Adalah Abdurrahman Baswedan Kakek dari Anies Baswedanâ€.
Sosok dalam dokumentasi tersebut bukanlah kakek Anies Baswedan, melainkan anggota formulasi Indian Foreign Serviceâ€”yang juga Duta Besar Indiaâ€”Muhammad Yunus Khan. Ia bersama Ir Soekarno dan Jenderal Soedirman kala itu (Agustus 1948) sedang melakukan peninjauan ke Magelang, Jawa Tengah.
Referensi:
[SALAH] Kapal Feri Banyuwangiâ€”Bali Hampir Tenggelam pada September 2024
[PENIPUAN] Lowongan Kerja RANS Entertainment Bulan Oktober 2024
Situs ini merupakan arsip hasil diskusi grup Forum Anti Fitnah, Hasut dan Hoax (FAFHH) di Facebook. Untuk menanyakan keabsahan suatu berita/gambar silakan bergabung diFB Grup FAFHH(syarat dan ketentuan posting berlaku)
Copyright Â© 2024 | WordPress Theme byMH Themes"
"Oktober 7, 2024",http://turnbackhoax.id/2024/10/07/penipuan-akun-whatsapp-mencatut-pj-bupati-minahasa-noudy-tendean/,[PENIPUAN] Akun WhatsApp Mencatut Pj Bupati Minahasa Noudy Tendean,"Disadur dari Manado Express.
Tersebar akun WhatsApp bernomor 0822 9899 9287 yang mencatut foto dan nama Noudy Tendean, Pj Bupati Minahasa. Ini merupakan bentuk kejahatan siber dan modus penipuan.
Dilansir dari Manado Express, Kepala Dinas Komunikasi dan Informatika (Kadis Kominfo) Kabupaten Minahasa Maya Kainde mengonfirmasi ada yang menyalahgunakan nama dan foto Pj Bupati Noudy.
Kainde meminta masyarakat waspada dan berhati-hati terhadap oknum yang mengatasnamakan Pj Bupati maupun pejabat di lingkungan pemerintah kabupaten."
"Oktober 7, 2024",http://turnbackhoax.id/2024/10/07/salah-prabowo-umumkan-kabinet-2024-2029-ada-rocky-gerung/,"[SALAH] Prabowo Umumkan Kabinet 2024â€”2029, Ada Rocky Gerung","Akun TikTok â€œjoko.mulyono11â€ pada Jumat (13/9/2024) mengunggah video dengan narasi yang menyebut Prabowo Subianto (presiden terpilih periode 2024â€”2029) mulai memilih bakal calon menteri, beberapa di antaranya adalah komentator politik Rocky Gerung serta mantan Panglima TNI Jenderal Purnawirawan Gatot Nurmantyo. Hingga Senin (7/10/2024), video telah ditonton lebih dari 200 ribu kali.
Tim pemeriksa fakta Mafindo (TurnBackHoax) kemudian membedah salah satu foto yang menjadi latar video unggahan dengan menggunakan perangkat Google Lens. Hasilnya, potret tersebut diketahui berasal dari pemberitaan Suara.com yang tayang April 2019.
Prabowo kala itu mengungkap Gatot Nurmantyo dan Rocky Gerung akan masuk dalam susunan kabinet bila dirinya dan Sandiaga Uno (calon wakil presiden) menang di Pemilihan Presiden 2019. Hal ini ia sampaikan saat berpidato di depan pendukungnya di Surabaya, Jumat (12/4/2019).
Melansir reportase Kompas.com, Prabowo dan Gibran Rakabuming akan merampungkan susunan kabinet pada Selasa (15/10/2024), lima hari sebelum pelantikan presiden dan wakil presiden terpilih."
"Oktober 4, 2024",http://turnbackhoax.id/2024/10/04/salah-tangkapan-layar-tvniasnews-com-sandiaga-uno-bakal-polisikan-anis-baswedan-bila-utang-anis-yang-523-milyar-tidak-segera-dibayar/,"[SALAH] Tangkapan LayarÂ tvniasnews.comÂ â€œSandiaga Uno Bakal Polisikan Anis Baswedan Bila Utang Anis yang 52,3 Miliar Tidak Segera Dibayarâ€",
"Oktober 3, 2024",http://turnbackhoax.id/2024/10/03/salah-mantan-gubernur-jawa-barat-danny-setiawan-meninggal-27-september-2024/,[SALAH] Mantan Gubernur Jawa Barat Danny Setiawan Meninggal 27 September 2024,"Artikel disadur dari Kompas.com
Akun Facebook â€œDon Vito Corleonâ€ pada Sabtu (28/9/2024) menyebarkan informasi yang menyebut mantan Gubernur Jawa Barat, Danny Setiawan, meninggal dunia hari Jumat (27/9/2024) malam.
Setelah ditelusuri oleh tim Kompas.com, informasi ini telah dinyatakan salah olehÂ  Ika Mardiah, Kepala Dinas Komunikasi dan Informasi Jawa Barat. Pihak keluarga Danny Setiawan pada Jumat (27/9/2024) pun menegaskan gubernur Jawa Barat periode 2003â€”2008 itu masih menjalani perawatan di RS Borromeus Bandung.
Hingga Kamis (3/10/2024), tidak ada pemberitaan dari media massa kredibel yang menyatakan Danny Setiawan meninggal dunia."
"Oktober 3, 2024",http://turnbackhoax.id/2024/10/03/salah-cnbc-indonesia-tayangkan-berita-presiden-cina-tidak-ada-satu-negara-pun-yang-bisa-kalahkan-israel/,[SALAH] CNBC Indonesia Tayangkan Berita â€œPresiden Cina : Tidak Ada Satu Negara Pun yang Bisa Kalahkan Israelâ€,"Akun TikTok @1q_223 (Alibaba) menyebarkan foto tangkapan layar pemberitaan CNBC Indonesia berjudul â€œPresiden Cina : Tidak Ada Satu Negara Pun Yang Bisa Kalahkan Israelâ€. Sejak diunggah pada Jumat (30/8/2024) hingga Selasa (1/10/2024), konten telah disukai lebih dari 50 ribu akun, menuai hampir enam ribu komentar, dan dibagikan ulang 992 kali.
Tim pemeriksa fakta Mafindo (TurnBackHoax) menyalin judul itu ke kolom pencarian di laman CNBC Indonesia.
Kami kemudian melakukan pencarian di Google menggunakan kata kunci â€œXi Jinping tidak ada negara yang bisa kalahkan Israelâ€ ke mesin pencarian Google. Hasilnya, tidak ada media massa yang membahasnya, mayoritas hanya menyoroti langkah Xi Jinping yang mendesak diakhirinya konflik Israel-Hamas.
Terakhir, kami menelusuri foto unggahan akun TikTok @1q_223 (Alibaba) itu dengan memanfaatkan Google Lens dan RevEye. Diketahui, foto tersebut berasal dari pemberitaan CNBC Indonesia berjudul â€œXi Jinping Mau Ditangkap, Lembaga Ini Keluarkan Surat Penangkapanâ€ yang tayang pada Juli 2024.
Sebelumnya, akun TikTok ini menyunting berita CNBC Indonesia dan sudah dibahas dalam artikel â€œ[SALAH] ARTIKEL CNBC INDONESIA BERJUDUL â€œPresiden China Sebut : Dunia Teknologi Di Kuasai Israelâ€ di turnbackhoax.id."
"Oktober 2, 2024",http://turnbackhoax.id/2024/10/02/salah-gibran-mundur-sebagai-cawapres/,[SALAH] Gibran Mundur Sebagai Cawapres,"Video tersebut merupakan potongan dari unggahan YouTube â€œTribun MedanTVâ€. Dalam keterangan pada video tersebut, Wakil Presiden terpilih Gibran Rakabuming Raka sedang membacakan pengunduran diri sebagai Wali Kota Solo di Rapat Paripurna DPRD Surakarta pada 17 Juli 2024.
Namun video tersebut justru diedit oleh oknum tak bertanggung jawab dengan cara dipotong pada bagian kalimat tertentu, sehingga seolah-olah Gibran Rakabuming Raka yang saat ini menjadi Wakil Presiden terpilih mundur dari jabatan."
"Oktober 2, 2024",http://turnbackhoax.id/2024/10/02/penipuan-lowongan-kerja-bumn-pt-surveyor-indonesia-besar-besaran/,[PENIPUAN] Lowongan Kerja BUMN PT Surveyor Indonesia (Besar-Besaran),"Setelah dilakukan penelusuran, berdasarkan website dan Instagram resmi PT Surveyor Indonesia serta Website resmi Rekrutmen Lowongan Kerja Bersama BUMN yang dapat diakses melaluihttps://www.bersamabumn.com/,tidak terdapat unggahan serupa yang menunjukan adanya pembukaan lowongan pekerjaan secara besar besaran. Selain itu, PT Surveyor Indonesia juga tidak pernah mencantumkan nomor Whatsapp pada saat proses rekrutmen pegawai."
"Oktober 2, 2024",http://turnbackhoax.id/2024/10/02/salah-presiden-jokowi-beli-rumah-mewah-baru-gaji-presiden-jokowidodo-terbaru-di-youtube/,[SALAH] Presiden Jokowi Beli Rumah Mewah Baru!? Gaji Presiden Jokowidodo Terbaru di YouTube,"Setelah video disimak lebih lanjut, narator hanya menjelaskan mengenai jumlah video, subscriber, viewers serta perkiraan jumlah pendapatan yang diperoleh dari YouTube.
Namun hingga akhir video, tidak ada pernyataan yang membenarkan atas judul dan klaim yang menyatakan bahwa Presiden Jokowi membeli rumah mewah baru. Berdasarkan dari hasil penelusuran, cuplikan foto pada thumbnail merupakan hasil editing yang mana gambar tersebut diperoleh dari aplikasi Pinterest. Pada akhirnya dapat disimpulkan bahwa klaim narasi yang menyatakan bahwa Jokowi membeli rumah mewah baru, tidak terbukti dan termasuk dalam konten palsu."
"Oktober 2, 2024",http://turnbackhoax.id/2024/10/02/salah-500-aktivis-bersatu-seret-jkw-ke-penjara/,"[SALAH] 500 Aktivis Bersatu, Seret JKW ke Penjara","Telah beredar sebuah video di Youtube yang memberikan klaim jika 500 aktivis telah bersatu untuk menyeret Jokowi ke penjara.
Cuplikan yang ada pada video tersebut tidak saling berkaitan dan hanya ditampilkan secara berulang tanpa adanya keterkaitan dengan pernyataan yang diberitakan.
Hingga akhir video tidak ada penjelasan yang membenarkan klaim pada judul mengenai 500 aktivis yang bersatu untuk menyeret Jokowi ke penjara. Selain itu, narator hanya membacakan ulang narasi yang termuat dalam website RMOL.ID (18/09/2024) yang berjudul â€œBeredar Kabar Istana Ketar-ketir Jokowi
Artikel tersebut membahas video yang viral di media sosial Instagram dengan judul â€œRing 1 Khawatir Jokowi Presiden Pertama yang Dipenjaraâ€ yang mengungkap kondisi pemerintahan Jokowi yang diduga tidak baik-baik saja. Berdasarkan sumber referensi tersebut menunjukan bahwa klaim pada unggahan tersebut tidak benar dan termasuk dalam konten yang menyesatkan."
"September 30, 2024",http://turnbackhoax.id/2024/09/30/salah-dialog-dan-video-hubungan-prabowo-gibran-pasca-polemik-fufufafa/,[SALAH] Dialog dan Video â€œHubungan Prabowo Gibran Pasca-polemik FufuFafaâ€,"Akun Twitter @Heraloebss membagikan gambaran dialog antara Prabowo dan Gibran setelah polemik akun Kaskus Fufufafa yang dinilai banyak menghina Prabowo di masa lalu. Dalam postingan tersebut juga menunjukkan video keduanya bertemu dan berbicara empat mata yang dapat diinterpretasikan merupakan bukti pertemuan mereka setelah postingan Kaskus Fufufafa viral.
Setelah ditelusuri, faktanya video tersebut merupakan video lama sebelum adanya polemik viralnya akun Kaskus Fufufafa yang diduga merupakan milik Gibran. Pakaian Prabowo dan Gibran dalam video pertemuan tersebut mirip dengan yang diberitakan Kompas.com pada saluran YouTubenya.
Dalam video tersebut disebutkan bahwa presiden dan wakil presiden terpilih bertemu di Hambalang pada 8 Juni 2024. Menurut Waketum Gerindra, Habiburokhman, pertemuan tersebut mungkin saja membahas formasi kabinet di masa pemerintahan mereka yang dimulai pada 20 Oktober 2024. Sedangkan menurut BBC News Indonesia, kemunculan postingan lama akun Kaskus Fufufafa tersebut beredar pertama kali sekitar akhir Agustus 2024.
Pertemuan terakhir mereka yang terekam kamera terjadi saat Gibran menghadiri penutupan Rapimnas Gerindra di Indonesia Arena, GBK, pada 31 Agustus 2024, seperti yang diberitakan Detik.com. Tidak ada informasi dari sumber valid yang menyebut bahwa mereka bertemu secara empat mata setelah itu, seperti yang diperkirakan dalam postingan itu."
"September 30, 2024",http://turnbackhoax.id/2024/09/30/salah-impor-beras-dari-tahun-2022-2024-prabowo-sebut-indonesia-swasembada-beras/,"[SALAH] IMPOR BERAS DARI TAHUN 2022-2024, PRABOWO SEBUT INDONESIA SWASEMBADA BERAS","Beredar sebuah unggahan melalui media sosial X dari akun bernama @BosPurwa. Di dalam unggahannya tersebut, ditampilkan video dari Menteri Pertahanan Republik Indonesia, sekaligus Presiden RI Terpilih, Prabowo Subianto yang sedang berpidato dan menyampaikan kalimat berbunyi, â€œâ€¦sekarang kita melakukannya, alhamdulillah, swasembada produksi beras. Kita sudah swasembada berasâ€¦â€.
Video ini kemudian ditanggapi oleh akun X tersebut dengan mempertanyakan perihal klaim swasembada beras yang disampaikan oleh Prabowo. Dituliskan dalam narasinya, Indonesia pada tahun 2023 telah mengimpor sebanyak 3 juta ton beras. Sementara sampai Agustus 2024, Indonesia juga mengimpor sebanyak 3,05 juta ton. Dari kebutuhan beras pada tahun 2022 yang sebesar 35,5 juta ton, Indonesia hanya mampu memproduksi sebanyak 31,54 juta ton. Hal ini kemudian menimbulkan berbagai komentar dari pengguna X mengenai klaim yang disampaikan Prabowo di dalam video berdurasi 14 detik tersebut.
Lalu apakah benar, Prabowo menyebutkan bahwa Indonesia telah swasembada beras, sementara pada tahun-tahun sebelumnya Indonesia masih mengimpor beras dari luar negeri?
Setelah melakukan penelusuran lebih lanjut mengenai hal tersebut, didapati informasi yang menunjukkan bahwa narasi yang disampaikan oleh akun @BosPurwa tersebut mengandung kekeliruan. Pasalnya, video yang terdapat di dalam unggahan tersebut merupakan cuplikan video pidato Prabowo Subianto saat menjadi pembicara dalam Global Food Security Forum di Bali, Minggu, 13 November 2022.
Swasembada beras yang disampaikan oleh Prabowo, merujuk pada kondisi Indonesia yang berhasil swasembada beras dari periode 2019-2021. Hal tersebut juga telah dibuktikan dengan diberikannya penghargaan yang bertajuk, â€œAcknowledgment for Achieving Agri-food System Resiliency and Rice Self-Sufficiency during 2019-2021 through the Application of Rice Innovation Technologyâ€ atau Penghargaan Sistem Pertanian-Pangan Tangguh dan Swasembada Beras Tahun 2019-2021 melalui Penggunaan Teknolpgi Inovasi Padiâ€. Penghargaan ini diberikan secara langsung oleh Direktur Jenderal IRRI, Jean Balie, kepada Presiden RI, Joko Widodo, pada Minggu (14/8/2022) di Istana Negara, Jakarta.
Narasi yang dimunculkan pada akun X tersebut dapat disebut mengandung kekeliruan, karena merujuk pada data di tahun 2022 sampai 2024."
"September 30, 2024",http://turnbackhoax.id/2024/09/30/salah-korea-utara-melarang-kewarganegaraan-israel-jepang-dan-amerika-mengikuti-pariwisata-musim-dingin/,"[SALAH] Korea Utara Melarang Kewarganegaraan Israel, Jepang, dan Amerika mengikuti Pariwisata musim dingin",
"September 30, 2024",http://turnbackhoax.id/2024/09/30/salah-prabowo-resmi-maju-tanpa-gibran-imbas-akun-fufufafa/,[SALAH] Prabowo Resmi Maju Tanpa Gibran Imbas Akun Fufufafa,"Namun, setelah ditelusuri lebih lanjut, isi video tersebut tidak mendukung klaim yang disampaikan pada judul dan juga thumbnail video. Dalam video berdurasi 11 menit tersebut, pengunggah menggunakan potongan-potongan video dari berbagai pihak yang membahas mengenai respon atas terkuaknya akun fufufafa yang saat ini sedang memanas. Contohnya saja pada menit ke 2:29 pengunggah menggunakan potongan video milik akun youtube Abraham Samad SPEAK UP. Tak hanya itu, pengunggah juga menggunakan potongan video lain seperti pada menit ke 4:26 yang merupakan video milik akun youtube Rocky Gerung Official dengan judul â€œHeboh! Trending, Gerakan Pasang Foto Presiden Prabowo Saja. Gibran Diganti Fufufafa.â€"
"September 30, 2024",http://turnbackhoax.id/2024/09/30/salah-aksi-demonstrasi-di-malioboro-23-september-2024/,[SALAH] Aksi Demonstrasi di Malioboro 23 September 2024,"Dilansir dalamantaranews.com, video tersebut serupa dengan unggahan video di Instagram Jogjaku yang diunggah pada 22 Agustus 2024. Pada tanggal 22 Agustus 2024 memang terjadi aksi unjuk rasa ribuan mahasiswa dan masyarakat Yogyakarta di kawasan Malioboro. Dengan mengenakan baju berwarna hitam, massa aksi menyerukan untuk menjaga demokrasi dan mengawal putusan Mahkamah Konstitusi (MK) terkait syarat pencalonan kepala daerah pada Pilkada 2024."
"September 30, 2024",http://turnbackhoax.id/2024/09/30/salah-jokowi-pasrah-gibran-ditangkap-kpk/,[SALAH] Jokowi Pasrah Gibran Ditangkap KPK,Hingga saat belum ditemukan informasi resmi yang dikeluarkan oleh pihak terkait mengenai penangkapan Gibran.
"September 30, 2024",http://turnbackhoax.id/2024/09/30/salah-gudang-penyimpanan-uang-gibran-ditemukan-oleh-kpk/,[SALAH] Gudang Penyimpanan Uang Gibran Ditemukan Oleh KPK,"Namun, ketika disimak lebih lanjut, narasi di dalam video tersebut tidak sesuai dengan klaim yang disampaikan oleh pengunggah. Dalam video berdurasi 4 menit 55 detik tersebut, pengunggah justru menyampaikan perihal seorang anak kecil berusia 9 tahun yang berteriak menyampaikan aspirasinya kepada Gibran mengenai pemberantasan korupsi yang harus lebih digiatkan lagi di NDC Central Park, Jakarta Barat. Narasi tersebut sama persis dengan artikel yang dirilis olehkompas.compada 11 Desember 2023 lalu."
"September 30, 2024",http://turnbackhoax.id/2024/09/30/salah-gibran-resmi-ditangkap-dengan-kasus-kkn/,[SALAH] Gibran Resmi Ditangkap dengan Kasus KKN,"Sebuah video di Youtube menyebarkan sebuah klaim jika Gibran telah ditangkap atas kasus KKN, pada thumbnail video terlihat Gibran sedang ditangkap saat mengenakan masker dan baju lengan panjang berwarna hijau.
Saat ditelusuri dengan bantuan Google Lens, ditemukan hasil jika thumbnail tersebut merupakan foto penangkapan mantan Wali Kota Bekasi, Rahmat Effendi, yang diupload oleh Liputan6 pada tahun 2022 lalu. Namun, foto tersebut sudah diedit dengan mengganti muka Rahmat Effendi menjadi muka Gibran dan menambahkan foto Presiden Jokowi yang berdiri di sampingnya.
Selain thumbnail yang telah dimanipulasi, isi video tersebut juga tidak memberikan bukti kebenaran jika Gibran telah ditangkap terkait dengan kasus KKN. Isi video hanya menjelaskan tentang artikel dari Tempo berjudul, â€œTKN Prabowo-Gibran Bilang Perusahaan Perusak Lingkungan Harus Dihukum Seberat-beratnyaâ€.
Artikel yang diunggah pada 21 Januari 2024 ini hanya membahas tentang Komandan Tim Kampanye Nasional (TKN) Prabowo-Gibran, Budisatrio Djiwandono, yang memberikan pernyataan jika pasangan nomor urut 2 berpihak penuh terhadap upaya konservasi alam. Menurut dia, Prabowo-Gibran akan memberikan hukuman berat kepada pihak yang merusak alam."
"September 30, 2024",http://turnbackhoax.id/2024/09/30/penipuan-surat-undangan-pelatihan-kemenkopukm-2024/,[PENIPUAN] Surat Undangan Pelatihan KemenkopUKM 2024,"Beredar undangan pelatihan berkop surat KemenkopUKM terkati agenda pelatihan dalam rangka meningkatkan kualitas dan pengembangan SDM dengan tema uji kelayakan pemberian bantuan hibah UMKM. Surat ini ditujukan kepada pengelola UMKM di Kendal, Jawa Tengah.
Pendaftaran peserta dengan mengisi formulir yang dikirimkan ke nomor WhatsApp. Nantinya akan ada panggilan WhatsApp mengaku sebagai Diskopukm Jateng untuk dimintai biaya pelatihan.
Diskopukm Jateng membantah mengeluarkan surat tersebut. Pihaknya menjelaskan pelatihan yang diadakan Dinas Koperasi UKM Prov Jateng tidak dipungut biaya alias gratis.
Selain itu Diskopukm Jateng memberi imbauan apabila menemukan informasi pelatihan mengatasnamakan KemenkopUKM yang meminta biaya untuk pendaftaran apalagi melalui nomor rekening pribadi dipastikan modus penipuan dan harap berhati-hati.
Kesimpulan yang di dapat surat undangan pelatihan oleh KemenkopUKM dan meminta biaya pendaftaran merupakan konten palsu dan modus penipuan."
"September 30, 2024",http://turnbackhoax.id/2024/09/30/penipuan-loker-bumn-pt-pertamina-persero-2024/,[PENIPUAN] Loker BUMN PT Pertamina â€“ Persero 2024,"Setelah ditelusuri lebih lanjut, unggahan tersebut tidaklah benar. Hal tersebut dikarenakan dalam website resminya, PT Pertamina menyatakan bahwa segala bentuk informasi rekrutmen resmi hanya dapat diakses melaluirecruitment.pertamina.comdan segala proses komunikasi yang berkaitan dengan rekrutmen perusahaan harus berasal dari e-mail resmi PT Pertamina yaknirecruitment@pertamina.com."
"September 30, 2024",http://turnbackhoax.id/2024/09/30/salah-gibran-gagal-dilantik-karena-anies-bongkar-hal-ini-ke-mulyono/,[SALAH] Gibran Gagal Dilantik Karena Anies Bongkar Hal Ini ke Mulyono,"Setelah dilakukan penelusuran, thumbnail tersebut hanya editan semata. Dilansir daritempo.co, gambar yang menampakkan Jokowi berdiri sambil mengangkat tanganÂ  tersebut merupakan foto kampanye akbar Jokowi di GBK tahun 2019. Foto tersebut telah diedit dengan menambahkan bendera berlambang PKI sehingga seolah-olah dikibarkan Jokowi.
Selain itu narator hanya membacakan artikel milikKompas.comdengan judul â€œKetika Bocil 9 Tahun Teriak ke Gibran â€œKorupsi Tuh Diberantas, Judi Jangan Cuma Diungkapâ€. Mengenai klaim Gibran gagal dilantik karena Anies, tidak ditemukan bukti kredibel terkait hal tersebut."
"September 30, 2024",http://turnbackhoax.id/2024/09/30/salah-kpk-merampas-harta-jokowi/,[SALAH] KPK Merampas Harta Jokowi,"Sebuah channel Youtube Mimbar Politik mengunggah video dengan klaim bahwa harta Jokowi telah berhasil dirampas KPK. Dalam thumbnail digambarkan KPK sedang menunjukkan barang bukti sejumlah uang dalam jumlah yang banyak.
Namun setelah ditelusuri,Â  tidak ditemukan bukti yang valid terkait perampasan harta milik Jokowi. Dilansir dari RM.id, foto dalam thumbnail tersebut merupakan foto saat Wakil Ketua KPK Saut Situmorang saat konferensi pers, menunjukkan barang bukti OTT Kemenpora di Gedung KPK, Jakarta (19 Desember 2024).
Dalam video berdurasi 6 menit 23 detik tersebut sama sekali tidak menyebutkan perampasan harta oleh KPK. Unggahan tersebut hanya membahas mengenai beberapa kerusakan yang terjadi pada era Jokowi. Salah satunya kebijakan ekspor sedimen laut yang telah disetujui Presiden Jokowi."
"September 30, 2024",http://turnbackhoax.id/2024/09/30/penipuan-akun-tiruan-kadis-dpupr-nurudin-ardiyanto/,[PENIPUAN] Akun Tiruan Kadis DPUPR Nurudin Ardiyanto,"Beredar akun WhatsApp dengan nomor 0822 7634 4204 memasang nama dan foto profil Nurudin Ardiyanto, Kadis DPUPR Wonosobo. Foto profil yang digunakan dapat ditemui di peramban ketika mengetik nama Nurudin.
Pemkab Wonosobo memberikan klarifikasi bahwa nomor 0822 7634 4204 bukan milik Nurudin Ardiyanto. Pada postingan di akun Instagram @.wonosobohebat, Pemkab Wonosobo juga menerangkan bahwa Nurudin tidak pernah menggalang dana ataupun meminta bantuan sesuatu.
Jika masyarakat menemukan akun serupa laporkan atau hubungi layanan lapor bupati di Call Center 0823 2773 3373 atau https://laporbupati.wonosobokab.go.id/."
"September 30, 2024",http://turnbackhoax.id/2024/09/30/salah-jokowi-pasrah-satu-keluarga-masuk-penjara/,"[SALAH] Jokowi Pasrah, Satu Keluarga Masuk Penjara","Namun setelah ditelusuri berita mengenai pengunduran jadwal tersebut tidak benar. Tidak ada bukti yang kredibel yang dapat membuktikan klaim narasi tersebut. Dilansir dari presidenri.go.id, pada tanggal 28 September 2024, Presiden Jokowi berada di Kapal Rumah Sakit (KRI) dr. Radjiman Wedyodiningrat untuk menerima penghargaan Brevet Kehormatan Hiu Kencana."
"September 30, 2024",http://turnbackhoax.id/2024/09/30/salah-jokowi-merupakan-dalang-korupsi-timah-300t/,[SALAH] Jokowi Merupakan Dalang Korupsi Timah 300T,"Setelah dilakukan penelusuran, gambar thumbnail yang ditampilkan merupakan hasil manipulasi dari gabungan beberapa gambar yang berbeda. Saat ditelusuri menggunakan google lens, ditemukan bahwa foto thumbnail merupakan foto pengumuman tersangka kasus minyak goreng oleh Jaksa Agung ST Burhanuddin. Kemudian digabung foto Kejagung saat umumkan tersangka kasus korupsi Tol Jakarta-Cikampek.
Berdasarkan hasil penelusuran, tidak ada informasi bahwa Jokowi merupakan dalang kasus korupsi Timah 300T. Cuplikan video yang ditampilkan juga tidak mendukung klaim video.
Narator hanya membacakan narasi darimediaindonesia.comberjudul â€œAnggota DPR Minta Jaksa Berani Panggil Jokowi Terkait Kasus Korupsi Timahâ€. Artikel tersebut membahas mengenai anggota Komisi VII DPR Mulyanto meminta Jaksa Pengadilan Tindak Pidana Korupsi Jakarta Pusat memanggil Presiden Joko Widodo (Jokowi) untuk dimintai keterangan terkait kasus korupsi PT Timah yang merugikan negara Rp 300 triliun. Karena menurutnya pengadilan harus memanggil Jokowi untuk mengungkap fakta yang sebenarnya. Namun hingga sekarang tidak ditemukan bukti bahwa Jokowi dipanggil oleh Kejagung untuk memberikan keterangan terkait kasus korupsi timah tersebut."
"September 30, 2024",http://turnbackhoax.id/2024/09/30/penipuan-nomor-whatsapp-mengatasnamakan-pj-wali-kota-bandung-0822-4131-3339/,[PENIPUAN] Nomor WhatsApp Mengatasnamakan Pj Wali Kota Bandung 0822 4131 3339,"Beredar nomor WhatsApp Pj Wali Kota Bandung A Koswara yang baru dilantik apada 20 September 2024. Akun tersebut memasang foto profil Koswara dan nama Pj Wali Kota Bandung.
Dengan beredarnya akun tersebut, Pemkot Bandung pada akun media sosial resminya memastikan nomor tersebut bukan milik Koswara.
Selain itu Pemkot Bandung juga meminta masyarakat mewaspadai dan mengabaikan jika dihubungi oleh nomor yang mengatasnamakan Pj Wali Kota Bandung atau pejabat di lingkungan Kota Bandung.
Oleh karena itu akun WhatsApp bernomor 0822 4131 3339 mengatasnamakan Pj Wali Kota Bandung merupakan modus penipuan dengan kategori konten tiruan."
"September 30, 2024",http://turnbackhoax.id/2024/09/30/salah-kenaikan-tarif-ppn-12-menaikkan-tarif-air-listrik-rumah-dan-kredit-pinjaman-dana/,"[SALAH] KENAIKAN TARIF PPN 12% MENAIKKAN TARIF AIR, LISTRIK, RUMAH DAN KREDIT PINJAMAN DANA","Beredar unggahan melalui media sosial Facebook, narasi yang menyebutkan bahwa per tanggal 1 Januari 2025 mendatang, berlaku tarif PPN 12% di Indonesia. Hal ini disebut akan menyebabkan kenaikan terhadap tarif dari sejumlah kelompok kebutuhan masyarakat, yaitu seperti tagihan internet, telepon, listirk, air, rumah, dan masih banyak lagi. Unggahan dari akun bernama Roman Bastituta ini diunggah pada 3 September 2024, dan telah dilihat oleh ratusan pengguna Facebook lainnya.
Lalu apakah benar, kenaikan tarif PPN yang berlaku pada awal Januari akan mengakibatkan kenaikan tarif terhadap beberapa kelompok kebutuhan penting seperti air, listrik dan rumah?
Setelah melakukan penelusuran lebih lanjut mengenai unggahan tersebut, ditemukan informasi yang menunjukkan bahwa klaim yang terdapat di dalam unggahan beberapa merupakan sebuah kekeliruan.
Melansir dari artikel detik.com, kenaikan tarif PPN oleh pemerintah sebelumnya telah dilakukan pada 1 April 2022, yang mana pemerintah menaikkan tarif PPN dari 10% menjadi 11%. Kenaikan ini didasarkan pada mandat kebijakan yang tertera pada Undang-Undang Nomor 7 Tahun 2021 tentang Harmonisasi Peraturan Perpajakan. Berdasarkan penjelasan di Pasal 7, ayat (1), huruf b, tarif pajak 12 persen akan berlaku paling lambat mulai 1 Januari 2025. Sebagaimana bunyi aslinya adalah sebagai berikut:
â€œSebesar 12% (dua belas persen) yang mulai berlaku paling lambat pada tanggal 1 Januari 2025.â€
Namun, meskipun disebut mengalami kenaikan, tarif PPN akan dibebaskan terhadap barang atau jasa yang ditentukan oleh undang-undang, seperti beberapa diantaranya adalah air bersih (termasuk biaya sambung/ pasang dan biaya beban tetap), listrik (kecuali untuk rumah tangga dengan daya >6600 VA), rusun sederhana (Rusunami, RS dan RSS), jasa keuangan (tagihan kredit), dan lain sebagainya.
Artinya, klaim yang menyatakan bahwa kenaikan PPN 12% akan menaikkan beberapa tagihan seperti air, rumah, listrik, pinjaman, ataupun tagihan kredit, merupakan klaim yang keliru.Â  Narasi dengan klaim semacam ini dapat dikategorikan sebagai misleading content atau konten menyesatkan."
"September 30, 2024",http://turnbackhoax.id/2024/09/30/salah-video-1000-kader-pdip-subang-mengundurkan-diri-karena-pdip-gagal-usung-anies-baswedan/,[SALAH] Video 1000 Kader PDIP Subang Mengundurkan Diri Karena PDIP Gagal Usung Anies Baswedan,"Berdasarkan hasil penelusuran, 1,000 kader PDIP Subang yang mundur itu tidak ada hubungannya dengan Anies Baswedan. Versi lengkap video tersebut pernah diunggah di kanal YouTube resmi Official News dengan judul â€œ1.000 Kader PDIP Subang Kembalikan KTA, Kecewa Jelang Pilkada 2024â€ yang diunggah pada 3 Agustus 2024. Melansir dari keterangan yang ditulis Official News, gerakan mundurnya 1,000 kader PDIP Subang itu merupakan bagian dari aksi long march yang dimulai dari terminal Subang hingga kantor DPC PDIP yang jaraknya sekitar 1 km. Gerakan itu dilakukan dalam rangka pengembalian kartu tanda anggota (KTA) karena kecewa dengan kebijakan partai yang tidak sejalan pada saat Pilpres dan Pilkada 2024. Kebijakan partai yang diprotes di sini berkaitan dengan tidak diusungnya mantan bupati Subang, Ruhimat, karena DPC PDIP Subang menilai Ruhimat berkhianat pada Pilpres 2024 dengan mendukung Prabowo-Gibran.
Aksi tersebut juga diberitakan di YouTube resmi Metro TV di videonya yang berjudul â€œRibuan Kader Undurkan Diri? Karena Alih Dukungan!â€ yang diunggah pada 4 Agustus 2024."
"September 30, 2024",http://turnbackhoax.id/2024/09/30/salah-artikel-liputan6-com-berjudul-benjamin-netanyahu-sebut-negara-miskin-seperti-indonesia-hanya-bisa-demo/,[SALAH] ARTIKEL LIPUTAN6.COM BERJUDUL â€œBenjamin Netanyahu Sebut: Negara Miskin Seperti Indonesia Hanya Bisa Demoâ€,"Setelah dilakukan penelusuran lebih lanjut pada laman Liputan6.com, tidak ditemukan adanya artikel dengan judul seperti yang diunggah oleh akun TikTok Alibaba.
Berdasar seluruh referensi, unggahan akun TikTok Alibaba terkait artikel Liputan6.com berjudul â€œBenjamin Netanyahu Sebut: Negara Miskin Seperti Indonesia Hanya Bisa Demoâ€ tidak sesuai fakta, dan masuk ke dalam kategori manipulated content atau konten yang dimanipulasi."
"September 30, 2024",http://turnbackhoax.id/2024/09/30/salah-artikel-cnbc-indonesia-berjudul-presiden-china-sebut-dunia-teknologi-di-kuasai-israel/,[SALAH] ARTIKEL CNBC INDONESIA BERJUDUL â€œPresiden China Sebut : Dunia Teknologi Di Kuasai Israelâ€,"Setelah dilakukan penelusuran lebih lanjut pada laman CNBC Indonesia, tidak ditemukan adanya artikel dengan judul seperti yang diunggah oleh akun TikTok Alibaba.
Berdasar seluruh referensi, unggahan akun TikTok Alibaba terkait artikel CNBC Indonesia berjudul â€œPresiden China Sebut : Dunia Teknologi Di Kuasai Israelâ€ tidak sesuai fakta, dan masuk ke dalam kategori manipulated content atau konten yang dimanipulasi."
"September 30, 2024",http://turnbackhoax.id/2024/09/30/penipuan-kemenkes-beri-dana-bantuan-pekerja-migran-senilai-rp175-juta/,[PENIPUAN] KEMENKES BERI DANA BANTUAN PEKERJA MIGRAN SENILAI RP175 JUTA,"Namun setelah ditelusuri lebih lanjut, informasi tersebut tidak benar adanya. Melansir dari akun Instagram Kementerian Kesehatan, dengan tegas dinyatakan jika informasi yang beredar adalah palsu atau hoaks. Kemenkes turut mengimbau masyarakat untuk waspada terhadap segala bentuk informasi yang mencatut pihaknya.
Sebagai tambahan informasi, hoaks terkait dana bantuan untuk pekerja migran juga pernah beredar dan mencatut nama Badan Pelindungan Pekerja Migran Indonesia.
Berdasar seluruh referensi, unggahan terkait dana bantuan untuk pekerja migran dari Kemenkes masuk ke dalam kategori imposter content atau konten tiruan."
"September 29, 2024",http://turnbackhoax.id/2024/09/29/salah-5-santri-tewas-terbakar-ulah-relawan-berani-mati-jokowi-dan-bom-molotov/,[SALAH] 5 Santri Tewas Terbakar Ulah Relawan Berani Mati Jokowi dan Bom Molotov,"Beredar informasi di Twitter dengan klaim bahwa Relawan Berani Mati Jokowi merupakan pihak di balik kebakaran pesantren yang telah menewaskan 5 orang santri, klaim ini diposting oleh @MahesaMuna196. Kemudian ostingan Twitter yang berbeda dari akun @alfatih212426 menyebut bahwa kebakaran yang terjadi di Pesantren Nurul Fajri, Caringin, Sukabumi tersebut diakibatkan dari gerombolan orang tak dikenal yang melemparkan bom molotov.
Setelah ditelusuri klaim tersebut menyesatkan. Kompas.com sebelumnya telah mengklarifikasi bahwa kejadian tersebut berada di Pesantren Rubath Nurul Fajri, Kecamatan Caringin, Kabupaten Bogor, bukan di Sukabumi.
Dilansir dari rri.co.id, penyelidikan yang dilakukan Polsek Caringin bersama tim Inafis Reskrim Polsek Bogor sudah memastikan bahwa tidak ada bom molotov di lokasi kebakaran tersebut terjadi.
Mengutip dari Detik.com, Kapolsek Caringin AKP, Hendra memastikan bahwa tidak ada korban luka maupun korban jiwa dalam kejadian tersebut. Sebetulnya, terkait tidak adanya korban dalam insiden tersebut juga telah dikonfirmasi oleh pengambil video yang diunggah oleh @MahesaMuna196."
"September 28, 2024",http://turnbackhoax.id/2024/09/28/salah-pelantikan-presiden-diundur-hingga-desember-2024/,[SALAH] Pelantikan Presiden Diundur Hingga Desember 2024,"Sebuah channel Youtube Mimbar Politik mengunggah video dengan klaim bahwa pelantikan Prabowo sebagai presiden diundur hingga bulan Desember.
Namun setelah ditelusuri berita mengenai pengunduran jadwal tersebut tidak benar. Dilansir darikompas.com, berjudul â€œJadwal Pelantikan Presiden-Wapres Terpilih Prabowo Subianto-Gibran Rakabumingâ€, berdasarkan Peraturan Komisi Pemilihan Umum (PKPU) Nomor 3 Tahun 2022 tentang Tahapan dan Jadwal Penyelenggaraan Pemilihan Umum Tahun 2024, pengucapan sumpah/janji presiden dan wakil presiden dijadwalkan pada Minggu, 20 Oktober 2024. Pelantikan Prabowo-Gibran rencananya dilaksanakan di Gedung MPR/DPR Jakarta.
Dalam video berdurasi 8 menit 36 detik tersebut tidak menyebutkan pengunduran jadwal pelantikan Presiden dan Wakil Presiden terpilih. Namun hanya berisi potongan video yang tidak berkaitan. Salah satunya yaitu video dari Channel Youtube Tribunnews berjudul â€œMahfud MD Sindir Presiden yang Cari Akal untuk Perpanjang Masa Jabatan, Bandingkan dengan BJ Habibieâ€. Tepatnya pada menit ke 2:50 hingga 5:05."
