Title,Excerpt,FullText,Tags,URL
[SALAH] Kandungan Pasta Gigi Bisa Diketahui dari Kode Warna,"Faktanya, warna tersebut adalah penanda atau â€œeye markâ€ peka sensor cahaya untuk keperluan pengemasan produk.","Faktanya, warna tersebut adalah penanda atau â€œeye markâ€ peka sensor cahaya untuk keperluan pengemasan produk.Â 
Unggahan berisi narasi â€œkandungan pasta gigi bisa diketahui dari kode warnaâ€ merupakan konten yang menyesatkan (misleading content).


Akun Facebook â€œJames Bonâ€ mengunggah video [arsip] pada Rabu (22/9/2024)Â  disertai narasi:

Arti Tanda Warna pada Pasta Gigi atau odol. Jangan salah pilih pasta gigi. Inilah arti dari warna odol Yang beredar bebas di pakai Oleh masyarakat kita, yang Harus kalian ketahui supaya Tidak bahaya untuk kesehatan



Per Senin (25/11/2024) video itu sudah menuai lebih dari 400 kali tayangan.
Pemeriksaan Fakta
Tim Pemeriksa Fakta Mafindo (TurnBackHoax) sebelumnya sudah mengusut kebenaran klaim serupa lewat artikel â€œ[SALAH] Mengetahui Kandungan Pasta Gigi dari Kode Warnaâ€ yang tayang Juli 2018.
Dilansir dari hellosehat.com, kotak warna pada tube tidak ada kaitannya dengan isi pasta gigi. Kotak warna merupakan â€œcolor markâ€ atau â€œeye markâ€ peka sensor cahaya yang menunjukkan apakah kemasan harus dilipat atau dipotong saat diproses di mesin produksi.
Kesimpulan
Unggahan berisi narasi â€œkandungan pasta gigi bisa diketahui dari kode warnaâ€ merupakan konten yang menyesatkan (misleading content).
(Ditulis oleh Yudho Ardi)
 1 2",No Tags,https://turnbackhoax.id/2024/11/25/salah-kandungan-pasta-gigi-bisa-diketahui-dari-kode-warna/
[SALAH] Yaman Bombardir Kapal Perang AS Pakai Drone dan Rudal,"Faktanya, foto kapal dalam klaim merupakan Kapal Sounion berbendera Yunani yang diserang pemberontak Houthi.","Faktanya, foto kapal dalam klaim merupakan Kapal Sounion berbendera Yunani yang diserang pemberontak Houthi.Â 
Unggahan berisi narasi â€œYaman bombardir kapal perang AS pakai drone dan rudalâ€ merupakan konten dengan konteks yang salah (false context).


Akun X â€œmuhsinlabibâ€ pada Rabu (13/11/2024) mengunggah foto [arsip] berupa tangkapan layar disertai cuitan:

Yaman goreng kapal induk Abraham Lincoln dengan puluhan jet tempur canggih ASU.
Jangan berurusan dengan orang-orang miskin!


Per Senin (25/11/2024) unggahan sudah menuai lebih dari 200 ribu tayangan dan dibagikan ulang hampir 400 kali.
Pemeriksaan Fakta
Tim Pemeriksa Fakta Mafindo (TurnBackHoax) pertama-tama menelusuri kebenaran klaim dengan memasukkan foto unggahan ke Google Lens. Hasilnya, foto serupa ditemukan di pemberitaan voaindonesia.com berjudul AS: Kapal Tanker Minyak yang Ditabrak Houthi Berpotensi Tumpahkan â€˜Jutaan Barelâ€™.
Faktanya, dilansir dari berita yang tayang Minggu (25/8/2024) tersebut, kapal dalam foto merupakan Kapal Sounion berbendera Yunani yang diserang pemberontak Houthi. Kapal sepanjang 274 meter itu berangkat dari Irak dan sedang dalam perjalanan menuju pelabuhan dekat Athena, membawa muatan 150.000 ton minyak mentah.
Kesimpulan
Unggahan berisi narasi â€œYaman bombardir kapal perang AS pakai drone dan rudalâ€ merupakan konten dengan konteks yang salah (false context).
(Ditulis oleh Yudho Ardi)
 1 2",No Tags,https://turnbackhoax.id/2024/11/25/salah-yaman-bombardir-kapal-perang-as-pakai-drone-dan-rudal/
[PENIPUAN] Gebyar Hadiah Ratusan Juta dari Tolak Angin (PT Sido Muncul Tbk.),"Faktanya, hadiah yang ditawarkan perusahaan hanya Rp26 juta, program undian juga sudah berakhir sejak awal Oktober 2024.","Faktanya, hadiah yang ditawarkan perusahaan hanya Rp26 juta, program undian juga sudah berakhir sejak awal Oktober 2024.
Unggahan berisi informasi â€œGebyar Hadiah Ratusan Juta dari Tolak Angin (PT Sido Muncul Tbk.)â€ merupakan konten tiruan (impostor content) untuk modus penipuan.


Akun Facebook â€œPT Industri Jamu Sido Muncul Tbkâ€ pada Senin (18/11/2024) mengunggah foto [arsip] berisi pengumuman gebyar hadiah senilai ratusan juta yang diadakan Tolak Angin.
Unggahan disertai narasi:

â€œğ‘¹ğ’‚ğ’Šğ’‰ ğ’Œğ’†ğ’ƒğ’†ğ’“ğ’–ğ’ğ’•ğ’–ğ’ğ’ˆğ’‚ğ’ ğ’ƒğ’†ğ’“ğ’”ğ’‚ğ’ğ’‚ ğ‘»ğ’ğ’ğ’‚ğ’Œ ğ‘¨ğ’ğ’ˆğ’Šğ’! ğ‘°ğ’Œğ’–ğ’•ğ’Š ğ’–ğ’ğ’…ğ’Šğ’‚ğ’ ğ’ƒğ’†ğ’“ğ’‰ğ’‚ğ’…ğ’Šğ’‚ğ’‰ ğ’…ğ’‚ğ’“ğ’Š ğ‘·ğ‘» ğ‘±ğ’‚ğ’ğ’– ğ’…ğ’‚ğ’ ğ‘­ğ’‚ğ’“ğ’ğ’‚ğ’”ğ’Š ğ‘ºğ’Šğ’…ğ’ ğ‘´ğ’–ğ’ğ’„ğ’–ğ’ ğ‘»ğ’ƒğ’Œ. ğ’…ğ’‚ğ’ ğ’ğ’†ğ’ğ’‚ğ’ğ’ˆğ’Œğ’‚ğ’ ğ’‰ğ’‚ğ’…ğ’Šğ’‚ğ’‰ ğ’ğ’†ğ’ğ’‚ğ’“ğ’Šğ’Œ ğ’”ğ’†ğ’•ğ’Šğ’‚ğ’‘ ğ’ƒğ’–ğ’ğ’‚ğ’ğ’ğ’šğ’‚. ğ‘²ğ’ğ’…ğ’† ğ’Œğ’–ğ’‘ğ’ğ’ ğ’šğ’‚ğ’ğ’ˆ ğ’Œğ’‚ğ’ğ’– ğ’ğ’Šğ’ğ’Šğ’Œğ’Š ğ’‚ğ’…ğ’‚ğ’ğ’‚ğ’‰ ğ’ğ’‚ğ’ğ’ˆğ’Œğ’‚ğ’‰ ğ’ğ’†ğ’ƒğ’Šğ’‰ ğ’…ğ’†ğ’Œğ’‚ğ’• ğ’ğ’†ğ’ğ’–ğ’‹ğ’– ğ’Œğ’†ğ’‹ğ’–ğ’•ğ’‚ğ’ ğ’ğ’–ğ’‚ğ’“ ğ’ƒğ’Šğ’‚ğ’”ğ’‚!Â 
ğ‘±ğ’‚ğ’ğ’ˆğ’‚ğ’ ğ’ğ’†ğ’˜ğ’‚ğ’•ğ’Œğ’‚ğ’ ğ’Œğ’†ğ’”ğ’†ğ’ğ’‘ğ’‚ğ’•ğ’‚ğ’ ğ’Šğ’ğ’Š. ğ’”ğ’†ğ’‰ğ’‚ğ’• ğ’…ğ’‚ğ’ ğ’ƒğ’†ğ’“ğ’–ğ’ğ’•ğ’–ğ’ğ’ˆ ğ’ƒğ’Šğ’”ğ’‚ ğ’ğ’†ğ’ğ’‹ğ’‚ğ’…ğ’Š ğ’ğ’Šğ’ğ’Šğ’Œğ’ğ’–!
ğ‘«ğ’‚ğ’‡ğ’•ğ’‚ğ’“ ğ’”ğ’†ğ’Œğ’‚ğ’“ğ’‚ğ’ğ’ˆ ğ’‹ğ’–ğ’ˆğ’‚ ğ’…ğ’Šğ’ƒğ’‚ğ’˜ğ’‚ğ’‰ ğ’Šğ’ğ’Š ğ’…ğ’‚ğ’ ğ’…ğ’‚ğ’‘ğ’‚ğ’•ğ’Œğ’‚ğ’ ğ’Œğ’ğ’…ğ’† ğ’–ğ’ğ’…ğ’Šğ’‚ğ’ ğ’Œğ’‚ğ’ğ’–â€



Hingga Minggu (20/11/2024), unggahan menuai hampir 200 tanda suka dan lebih dari 170 komentar, mayoritasnya berharap mendapatkan undian tersebut.
Pemeriksaan Fakta
Tim Pemeriksa Fakta Mafindo (TurnBackHoax) menelusuri sumber foto unggahan lewat Google Lens. Diketahui, foto dalam unggahan merupakan hasil suntingan dari konten di akun Instagram resmi â€œtolak_anginâ€ yang diunggah Selasa (20/8/2024).
Faktanya, hadiah yang ditawarkan perusahaan hanya Rp26 juta, program undian juga sudah berakhir sejak awal Oktober 2024. Tautan dalam akun Facebook â€œPT Industri Jamu Sido Muncul Tbkâ€ pun tidak mengarah ke laman resmi PT Sido Muncul, warganet justru diminta melengkapi informasi pribadi.
Kesimpulan
Unggahan berisi informasi â€œGebyar Hadiah Ratusan Juta dari Tolak Angin (PT Sido Muncul Tbk.)â€ merupakan konten tiruan (impostor content) untuk modus penipuan.
(Ditulis oleh Vania Astagina)
 1 2",No Tags,https://turnbackhoax.id/2024/11/24/penipuan-gebyar-hadiah-ratusan-juta-dari-tolak-angin-pt-sido-muncul-tbk/
[SALAH] Siswa SMP Aniaya Teman hingga Tewas,"Faktanya, korban kekerasan masih bernyawa dan hanya pingsan saat kejadian.","Faktanya, korban kekerasan masih bernyawa dan hanya pingsan saat kejadian.
Unggahan berisi informasi â€œsiswa SMP aniaya teman hingga meninggalâ€ merupakan konten dengan konteks yang salah (false context).


Akun X â€œhaiimatcha_â€ pada Selasa (19/11/2024) mengunggah video [arsip] dokumentasi kekerasan yang dilakukan oleh siswa SMP, disertai narasi:

â€œSiswa brutal di SMP, menganiaya temannya hingga meninggal
Harus dihukum penjara agar menjadi pelajaran bagi para anak dan orang tua yang tidak bisa mendidik anaknya.
Ngeri banget liat videonyaâ€



Hingga Minggu (20/11/2024), unggahan telah ditonton hampir 700 ribu kali, disukai 3.900-an penggguna X, sertai dibanjiri 1.000-an komentar.
Pemeriksaan Fakta
Dari hasil penelusuran Tim Pemeriksa Fakta Mafindo (TurnBackHoax) lewat Google Lens, ditemukan video serupa yang diunggah akun X â€œbacottetangga__â€ pada Rabu (29/8/2024). Akun tersebut mencuitkan kekerasan itu terjadi di SMP Negeri 3 Gowa, Sulawesi Selatan, dan korban tidak sadarkan diri setelah pemukulan.
Humas Polres Gowa Ipda Udin dalam pemberitaan Jumat (30/8/2024) menyatakan peristiwa kekerasan itu telah diselesaikan secara kekeluargaan dan memastikan adanya pendampingan psikologi untuk korban.
Kesimpulan
Unggahan berisi informasi â€œsiswa SMP aniaya teman hingga meninggalâ€ merupakan konten dengan konteks yang salah (false context).
(Ditulis oleh Vania Astagina)
 1 2",No Tags,https://turnbackhoax.id/2024/11/24/salah-siswa-smp-aniaya-teman-hingga-tewas/
[SALAH] Prabowo Bakal Blokir TikTok Shop Lagi karena Bikin Rugi UMKM,Tidak ditemukan pernyataan resmi dari Prabowo atau pemberitaan media kredibel yang membenarkan klaim,"Tidak ditemukan pernyataan resmi dari Prabowo atau pemberitaan media kredibel yang membenarkan klaim.
Unggahan berisi narasi â€œPrabowo akan kembali blokir TikTok karena merugikan UMKMâ€ adalah konten yang menyesatkan (misleading content).Â 


Akun TikTok â€œegi.pixxâ€ pada Sabtu (10/11/2024) mengunggah foto [arsip] berisi klaim â€œPrabowo akan kembali memblokir Tiktok karena merugikan UMKMâ€. Berikut narasi lengkapnya:

â€œTiktok shop akan di blokir kembali. Prabowo turun tangan tiktok shop sesungguhnya membunuh UMKM di Indonesiaâ€



Hingga Minggu (24/11/2024) unggahan telah disukai lebih dari 18 ribu akun lainnya, dibanjiri sekitar 6.000-an komentar, dan dibagikan ulang 1.400 kali.
Pemeriksaan Fakta
Dari hasil penelusuran Tim Pemeriksa Fakta Mafindo (TurnBackHoax) melalui fitur pencarian Google dengan kata kunci â€œPrabowo Blokir Tiktokâ€, tidak ditemukan satu pun media kredibel yang membenarkan klaim.
Melansir laporan Kompas.com yang tayang September 2023. larangan mengenai TikTok Shop sebagai media sosial yang memiliki fitur e-commerce, sejatinya pernah dilakukan. Kebijakan itu diterapkan di masa pemerintahan Jokowi, mengacu ke revisi Peraturan Mendag (Permendag) Nomor 50 Tahun 2020 yang menyebutkan media sosial tidak boleh digunakan sebagai e-commerce.
Kesimpulan
Unggahan berisi narasi â€œPrabowo akan kembali blokir TikTok karena merugikan UMKMâ€ adalah konten yang menyesatkan (misleading content).Â 
(Ditulis oleh Vinanda Febriani)
 1 2",No Tags,https://turnbackhoax.id/2024/11/24/salah-prabowo-bakal-blokir-tiktok-shop-lagi-karena-bikin-rugi-umkm/
[PENIPUAN] Dinas Perhubungan Buka Loker Petugas Operasional Bus,Tidak terdapat informasi mengenai loker petugas operasional bus di laman resmi dephub.go.id maupun di pemberitaan media kredibel.,"Tidak terdapat informasi mengenai loker petugas operasional bus di laman resmi dephub.go.id maupun di pemberitaan media kredibel.
Informasi berisi foto dengan klaim â€œloker Dishub sebagai petugas operasional busâ€ itu merupakan konten palsu (fabricated content).


Akun TikTok â€œloker_terbaik_bumnâ€ pada Sabtu (1/10/2024) mengunggah foto [arsip] berisi informasi mengenai lowongan kerja (loker) petugas operasional bus Dinas Perhubungan (Dishub).
Berikut informasi lengkapnya:Â 

â€œOpen Recruitment dari Dinas PerhubunganPETUGAS OPERASIONAL BUSPendidikan SMA SMK D3 S1
Open Recruitment dari Dinas Perhubungan PETUGAS OPERASIONAL BUS Pendidikan SMA SMK D3 S1
Posisi:a. PETUGAS ADMINISTRASI KANTORb. PETUGAS ADMINISTRASI KASIRC. PENGAWAS PERJALANAN ANGKUTANd. PETUGAS TIMERe. PETUGAS PRAMUGARA-PRAMUGARIf. PENGAWAS KEBERSIHANg. PETUGAS KEBERSIHAN
Kualifikasi:Kualifikasi lengkap kunjung link dibawahWarga Negara Republik IndonesiaUsia maksimal 35 tahunPria/Wanita.Pendidikan SMA SMK D3 S1 dari berbagai jurusanMampu bekerja dengan teliti, rapi, detail, dan taat pada prosedurTidak terlibat dalam tindakan pidana yang dibuktikan dengan surat SKCK yang masih berlaku.â€



Pengunggah mengajak warganet mengunjungi tautan untuk mengetahui informasi lebih lanjut.
Hingga Minggu (24/11/2024) unggahan telah menuai lebih dari 13 ribu tanda suka, 470-an komentar, dibagikan ulang lebih dari 3.500 kali.
Pemeriksaan Fakta
Tim Pemeriksa Fakta Mafindo (TurnBackHoax) menelusuri kebenaran informasi dengan mengakses tautan dalam unggahan. Hasilnya, calon pelamar diarahkan ke laman berisi permintaan pengisian data berupa nama yang sesuai KTP dan nomor telepon untuk mendapatkan OTP melalui SMS.
TurnBackHoax kemudian melakukan verifikasi informasi lewat laman resmi dephub.go.id. Faktanya, tidak terdapat informasi mengenai loker petugas operasional bus sebagaimana disebutkan dalam klaim.
Kesimpulan
Informasi berisi foto dengan klaim â€œloker Dishub sebagai petugas operasional busâ€ itu merupakan konten palsu (fabricated content).
(Ditulis oleh Vinanda Febriani)
 1 2",No Tags,https://turnbackhoax.id/2024/11/24/penipuan-dinas-perhubungan-buka-loker-petugas-operasional-bus/
[SALAH] 01 Mata Uang BRICS Setara 3.66000 Rupiah,"Faktanya, mata uang BRICS masih dalam pengembangan dan belum diluncurkan.","Faktanya, mata uang BRICS masih dalam pengembangan dan belum diluncurkan.
Unggahan berisi narasi â€œ01 mata uang BRICS setara 3.66000 rupiahâ€ merupakan konten yang menyesatkan (misleading content).


Sejak Minggu (27/10/2024) beredar video [arsip] dari akun TikTok â€œuungsahuri2â€, isinya mengeklaim â€œ01 mata uang BRICS setara dengan 3.66000 rupiahâ€. Berikut narasi lengkapnya:

â€œkita rayakan dan suport untuk mata uang global dari DOLAR ke BRICK menjadi mata uang dunia saat ini. 01Â  BRICS â€“ 3.66000 Rupiah. hapus DOLAR dari dunia agar setabil. #thanks#futin satu brics jika dalam rupiah indonesia sangat pantastis artinya kita tidak akan di tekan oleh erofa global.. ini berlanjut kesetaraanâ€


Hingga Minggu (24/11/2024), unggahan telah disukai sekitar 18 ribu pengguna TikTok dan dibagikan ulang lebih dari 1.300 kali.
Pemeriksaan Fakta
Pemeriksa Fakta Mafindo (TurnBackHoax) mencari tahu informasi mengenai mata uang BRICS melalui kolom pencarian Google dengan kata kunci â€œMata Uang BRICSâ€. Hasilnya, ditemukan pemberitaan antaranews.com â€œApa itu mata uang BRICS dan tujuannya?â€.Â 
Dari berita tersebut, diketahui bahwa negara blok ekonomi BRICS (Brasil, Rusia, India, China, dan Afrika Selatan) berencana membuat mata uang cadangan baru untuk mengurangi dominansi dolar Amerika Serikat (AS) dalam perdagangan internasional. Namun, hingga kini mata uang BRICS masih dalam pengembangan dan belum ada pengumuman resmi tentang peluncurannya.
Sebelumnya, TurnBackHoax telah membongkar kebenaran beragam klaim seputar BRICS, beberapa di antaranya diulas dalam artikel:

[SALAH] Mata Uang BRICS Sudah Rilis, Ada Gambar Bendera Indonesia
[SALAH] 159 Negara Bakal Adopsi Sistem Pembayaran BRICS

Kesimpulan
Unggahan berisi narasi â€œ01 mata uang BRICS setara 3.66000 rupiahâ€ merupakan konten yang menyesatkan (misleading content).
(Ditulis oleh Moch. Marcellodiansyah)
 1 2",No Tags,https://turnbackhoax.id/2024/11/24/salah-01-mata-uang-brics-setara-3-66000-rupiah/
[SALAH] Dana Hibah Pandemi dan UU Kesehatan Omnibus Law Berkaitan dengan Rekayasa Pandemi Selanjutnya,Tidak ditemukan informasi resmi yang membenarkan klaim.,"Tidak ditemukan informasi resmi yang membenarkan klaim.
Klaim â€œdana hibah pandemi dan UU Kesehatan Omnibus Law berkaitan dengan rekayasa pandemi selanjutnya atau plandemicâ€ merupakan konten yang menyesatkan (misleading content).


Sebuah video [arsip] Instagram yang dibagikan akun â€œtruth_seeker_jakartaaâ€ mengumumkan informasi mengenai dana pandemi yang diterima oleh pemerintah dari Dewan Pengelola Dana Pandemi (Pandemic Fund).
Narasi dalam unggahan menyebut penerimaan dana danÂ  UU Kesehatan Omnibus Law yang disahkan Agustus 2023 lalu merupakan bagian dari rekayasa pandemi selanjutnya (plandemic).
Berikut merupakan narasi lengkapnya:

â€œWarning!!!! (27 Okt 2024) Indonesia akan menerima Dana Hibah Sebesar 24,9Juta Dollar (387Miliar) untuk penguatan respons pandemic termasuk peenguatan pengawasan penyakit Dan peringatan dini. Program pendanaan ini akkan berlangsung dalam 3 tahun dengan World Bank, WHO, Dan FAO. Apakah Next plandemic jilid 2 sdh dipersiapkan oleh Elit Global & Elit lokal Indonesia? dalam rekayasa kehidupan Pemaksaan melalui UU kesehatan Omnibus Law no.17/2023 Dokter Kary Mullis Sebelum meninggal berpesan untuk menghentikan Pandemic maka hentikan pendanaanya. Semoga Next Pandemic tidak akan pernah terjadi kembali. Pahlawan Kemanusiaan Dr. Kary Mullis Dr. Rashid A Buttarâ€


Hingga Minggu (24/11/2024), konten disukai hampir 350 pengguna dan dihujani sekitar 40-an komentar, rata-rata percaya terhadap informasi yang termuat dalam unggahan,
Pemeriksaan Fakta
Disadur dari artikel Cek Fakta Tempo.co.
Dana hibah â€œPandemic Fundâ€ justru bertujuan memperkuat layanan kesehatan agar negara-negara berkembang menjadi jauh lebih tangguh, khususnya jika pandemi terjadi di masa akan datang.
Pandemic Fund merupakan mekanisme pembiayaan multilateral yang diluncurkan pada November 2022 dalam Presidensi G20 Indonesia. Dewan Pengelola Dana Pandemic Fund menyetujui hibah putaran kedua senilai US$418 juta untuk 40 negara di enam wilayah geografis, termasuk Indonesia. Pemberian hibah ini diputuskan dalam pertemuan Dewan Pandemic Fund ke-14 yang berlangsung di Washington, D.C., Amerika Serikat pada Kamis (17/10/2024).
Menteri Kesehatan melalui fiskal.kemenkeu.go.id menyampaikan dana pandemi akan digunakan untuk menunjukkan peran Indonesia sebagai donor dan penerima manfaat, guna memperkuat kapasitas nasional, regional, dan global dalam kesiapsiagaan serta respons terhadap krisis kesehatan di masa depan.
UU Kesehatan Omnibus Law yang disahkan tahun lalu pun dirancang untuk mengatasi tantangan penyelarasan dan koordinasi dalam pencegahan serta penanggulangan wabah penyakit menular secara nasional. Pernyataan ini menegaskan penerimaan dana serta UU Kesehatan tidak berkaitan dengan plandemic dan tentunya tidak membahayakan masyarakat dan negara.
Kesimpulan
Klaim â€œdana hibah pandemi dan UU Kesehatan Omnibus Law berkaitan dengan rekayasa pandemi selanjutnya atau plandemicâ€ merupakan konten yang menyesatkan (misleading content).
(Ditulis oleh Moch. Marcellodiansyah)
 1 2",No Tags,https://turnbackhoax.id/2024/11/24/salah-dana-hibah-pandemi-dan-uu-kesehatan-omnibus-law-berkaitan-dengan-rekayasa-pandemi-selanjutnya/
[PENIPUAN] Penawaran Paylater BCA dari Tautan Tidak Resmi,Tautan pendaftaran mengarah ke laman berisi formulir yang meminta sejumlah data pribadi.,"Tautan pendaftaran mengarah ke laman berisi formulir yang meminta sejumlah data pribadi.
Foto yang disertai narasiÂ  â€œpenawaran layanan PayLater BCAâ€ dengan tautan tak resmi itu merupakan konten tiruan (impostor content) untuk modus penipuan.


Akun Facebook â€œBCAPaylaterâ€ pada Kamis (14/11/2024) membagikan foto [arsip] berisi informasi penawaran layanan PayLater BCA.
Berikut narasi lengkapnya:

â€œAjukan sekarang Paylater BCA Merupakan fasilitas kredit yang dapat digunakan sebagai alternatif pembayaran. Limit kredit hingga Rp 20 juta dengan tenor cicilan sesuai kebutuhan. Bebas biaya admin. Bisa bayar scan QRIS.Â 
Di pastikan saldo aktif di rekening 1 juta agar: pengajuan dapat di ACC!â€Â 


Pengunggah mencantumkan tautan https://layanan-aktivasi-paylater-id.my.id/ dan mengajak warganet mengaksesnya untuk mendapatkan layanan.
Hingga Jumat (22/11/2024) unggahan disukai oleh hampir 150 akun lainnya.
Pemeriksaan Fakta
Tim Pemeriksa Fakta Mafindo (TurnBackHoax) menelusuri tautan dalam unggahan. Diketahui, tautan pendaftaran tersebut tidak mengarah ke laman resmi Bank BCA, melainkan ke formulir pendaftaran yang meminta sejumlah data pribadi, seperti:

nomor kontak,Â 
nama lengkap,Â 
nomor kartu debit, hingga
nominal saldo rekening tabungan terakhir.

Akun Facebook yang mengunggah klaim pun bukan akun resmi BCA (Facebook â€œBank BCAâ€ dan â€œ GoodLife BCAâ€ yang bercentang biru).
Kesimpulan
Foto yang disertai narasiÂ  â€œpenawaran layanan PayLater BCAâ€ dengan tautan tak resmi itu merupakan konten tiruan (impostor content) untuk modus penipuan.
(Ditulis oleh Raymondha Elsha)
 1 2",No Tags,https://turnbackhoax.id/2024/11/23/penipuan-penawaran-paylater-bca-dari-tautan-tidak-resmi/
"[SALAH] Pose 3 Jari, Ridwan Kamil Dukung Pasangan Pram-Doel","Faktanya, pose jari tangan RK bukan untuk menunjukkan angka 3, tetapi gestur angka nol dengan menyatukan ibu jari dan telunjuk.","Faktanya, pose jari tangan RK bukan untuk menunjukkan angka 3, tetapi gestur angka nol dengan menyatukan ibu jari dan telunjuk.Â 
Unggahan berisi klaim â€œpose 3 Jari, Ridwan Kamil dukung pasangan Pram-Doelâ€ itu bukan konteks dukungan Pilkada, masuk ke dalam kategori konten parodi.


Akun TikTok â€œpujanggajakartaâ€ mengunggah foto [arsip] pada Kamis, (7/9/2024) yang menampilkan sosok Ridwan Kamil (RK) tengah memberikan simbol 3 jari. Unggahan disertai klaim yang menyebut RK memberi dukungan ke Pramono-Doel (pasangan calon gubernur dan calon wakil gubernur Pilkada Jakarta).



Sampai Jumat (22/11/2024) unggahan telah ditonton lebih dari 3.800 kali dan disukai 100-an akun lainnya.
Pemeriksaan Fakta
Setelah ditelusuri menggunakan Google Lens, foto yang ditampilkan merupakan tangkapan layar dari siniar â€œRIDWAN KAMILâ€¼ï¸TERNYATA MAJUKAN UMKM DAN JADIKAN JAKARTA KOTA BISNIS, ITU CUMA GIMMICK?â€ yang tayang di kanal YouTube â€œkasisolusiâ€.
Dalam siniar yang tayang Oktober 2024 itu, diketahui konteks pose jari tangan RK bukan untuk menunjukkan angka 3, tetapi gestur angka nol dengan menyatukan ibu jari dan telunjuk.Â 
Kesimpulan
Unggahan berisi klaim â€œpose 3 Jari, Ridwan Kamil dukung pasangan Pram-Doelâ€ itu bukan konteks dukungan Pilkada, masuk ke dalam kategori konten parodi.
 1 2",No Tags,https://turnbackhoax.id/2024/11/23/salah-pose-3-jari-ridwan-kamil-dukung-pasangan-pram-doel/
[PENIPUAN] Cagub Jabar Dedi Mulyadi Berbagi Uang Puluhan Juta di TikTok,"Hasil deteksi Hive Moderation menunjukkan konten yang beredar adalah rekayasa AI, probabilitas atau kemungkinannya mencapai 99,8 persen.","Hasil deteksi Hive Moderation menunjukkan konten yang beredar adalah rekayasa AI, probabilitas atau kemungkinannya mencapai 99,8 persen.
Video â€œDedi Mulyadi bagikan uang puluhan jutaâ€ merupakan konten tiruan (impostor content) untuk modus penipuan.


Beredar dua video yang menunjukkan Dedi Mulyadi (Calon Gubernur Jawa Barat) ingin membagikan uang puluhan juta di TikTok dari akun â€œdedymulyadiakunbaruâ€ [arsip] dan â€œdeddymulyadi.raellâ€ [arsip].
Berikut narasi lengkapnya:

â€œSampurasun ka sadayana simpuring Dedi Mulyadi. Selamat buat kamu yang melihat video ini, Saya akan memberikan bantuan berupa uang 25 iuta kepada siapa saja yang ketahuan follow akun ini syaratnya hanva tekan love dan panas aja: Ingat hanva untuk yang sudah follow saja ini nyata amanak bukan hoax yang bilang hoax Ä·arena itu yang belum pernah dapat bukan?â€
â€œAssalamualaikum sampurasun saya Dedi Mulyadi calon Gubernur Jawa Barat hari ini saya akan berbagi rezeki di akun tik tok yang baru ini. Bagi siapa saja yang kebetulan menemukan postingan ini? Saya janjakan kirim 35 juta langsung Ingat hanya yang ketahuan follow akun ini tekan tanda love dan panah. Acara ini berlaku bagi siapa saja dan di mana saja. Ingat ini real dan amanah.â€


Hingga Sabtu (22/11/2024), unggahan akun TikTok â€œdedymulyadiakunbaruâ€ disukai hampir 100 ribu pengguna, sementara unggahan â€œdeddymulyadi.raellâ€ menuai lebih dari 5.000 tanda suka dan 1.000-an komentar.
Pemeriksaan Fakta
Tim Pemeriksa Fakta Mafindo (TurnBackHoax) mengunduh kedua video itu dan mengonversinya menjadi audio. TurnBackHoax kemudian menganalisanya dengan alat pendeteksi AI Hive Moderation. Hasilnya, diketahui dua konten tersebut merupakan rekayasa kecerdasan buatan (artificial intelligence/AI), probabilitas atau kemungkinannya mencapai 99,8 persen.
Kesimpulan
Video â€œDedi Mulyadi bagikan uang puluhan jutaâ€ merupakan konten tiruan (impostor content) untuk modus penipuan.
(Ditulis oleh Moch. Marcellodiansyah)
 1 2",No Tags,https://turnbackhoax.id/2024/11/23/penipuan-cagub-jabar-dedi-mulyadi-berbagi-uang-puluhan-juta-di-tiktok/
[PENIPUAN] Video â€œDharma Pongrekun Mau Bagi Uang Rp15 Jutaâ€,"Unggahan yang beredar merupakan hasil rekayasa AI, probabilitasnya mencapai 99,9%.","Unggahan yang beredar merupakan hasil rekayasa AI, probabilitasnya mencapai 99,9%.
Video â€œDharma Pongrekun akan membagikan uang senilai Rp15 jutaâ€ merupakan hasil suntingan dan masuk ke dalam kategori impostor content atau konten tiruan.


Akun TikTok â€œdharmudhacqâ€ pada Rabu (9/10/2024) mengunggah video [arsip]. Isinya memperlihatkan sosok Dharma Pongrekun (calon gubernur Jakarta) yang berbicara kalau dirinya akan membagi uang Rp15 juta kepada warganet dengan syarat mengikuti akun tersebut.Â 
Unggahan disertai narasi:

â€œBANTUAN INI REAL DARI SAYA PRIBADIâ€


Sampai Rabu (20/11/2024) video itu telah ditonton lebih dari 36 ribu kali.
Pemeriksaan Fakta
Tim Pemeriksa Fakta Mafindo (TurnBackHoax) mendeteksi konten tersebut dengan memanfaatkan Hive Moderation dan Google Images. Hasilnya:

Audio dalam video merupakan hasil rekayasa kecerdasan buatan, probabilitasnya 99,9%.
Foto Dharma Pongrekun yang digunakan dalam konten itu serupa dengan unggahan VOA Indonesia untuk reportase â€œWawancara Khusus VOA dengan Direktur Narkoba Mabes Polriâ€ yang tayang pada Juni 2016.

Kesimpulan
Video â€œDharma Pongrekun akan membagikan uang senilai Rp15 jutaâ€ merupakan hasil suntingan dan masuk ke dalam kategori impostor content atau konten tiruan.
 1 2",No Tags,https://turnbackhoax.id/2024/11/23/penipuan-video-dharma-pongrekun-mau-bagi-uang-rp15-juta/
"[SALAH] Cagub Jateng Ahmad Luthfi â€œKalau Arahan Telah Kuberikan, Sabda Nabi pun Harus Kau Tinggalkanâ€",Tidak ada pemberitaan dari media kredibel yang membenarkan klaim.,"Tidak ada pemberitaan dari media kredibel yang membenarkan klaim.
Unggahan berisi tangkapan layar â€œPernyataan Ahmad Luthfi Bikin Warga Jateng Geram Terkait Ucapan: Kalau Arahan Telah Kuberikan Sabda Nabi pun Harus Kau Tinggalkan!â€ merupakan konten palsu (fabricated content).


Akun TikTok â€œagrantara212â€ pada Sabtu (30/09/2024) mengunggah foto [arsip] tangkapan layar sebuah judul berita sebagai berikut:
Pernyataan Ahmad Luthfi Bikin Warga Jateng Geramâ€ Terkait Ucapan: Kalau Arahan Telah Kuberikan Sabda Nabi pun Harus Kau Tinggalkan!â€
Unggahan disertai narasi:

â€œmemilih pemimpin, rekam jejak itu penting, untuk dijadikan Acuan menuju kesejahteraan masyarakatnyawoyyy kawan nemu jejak digital kawan,super sekaliYang PERKASA ajah dehâ€




Per Sabtu (23/11/2024) unggahan menuai sekitar 6.700 ribu tanda suka, 1.800-an komentar, dan dibagikan ulang lebih dari 300 kali.
Pemeriksaan Fakta
Tim Pemeriksa Fakta Mafindo (TurnBackHoax) memastikan kebenaran klaim dengan memasukkan kata kunci â€œPernyataan Ahmad Luthfi: Kalau Arahan Telah Kuberikan Sabda Nabi pun Harus Kau Tinggalkan!â€ ke mesin pencarian Google. Hasilnya, tidak ditemukan pemberitaan media kredibel mengenai hal itu.
TurnBackHoax kemudian menelusuri foto tangkapan layar menggunakan Google Lens. Diketahui, foto tersebut beredar sejak 2023, pertama kali diunggah antaranews.com dalam berita â€œSatu polisi di Jateng layani 1.116 orang pendudukâ€. Tidak ada kaitannya sama sekali dengan klaim unggahan akun TikTok â€œagrantara212â€.
Kesimpulan
Unggahan berisi tangkapan layar â€œPernyataan Ahmad Luthfi Bikin Warga Jateng Geram Terkait Ucapan: Kalau Arahan Telah Kuberikan Sabda Nabi pun Harus Kau Tinggalkan!â€ merupakan konten palsu (fabricated content).
(Ditulis oleh Vinanda Febriani)
 1 2",No Tags,https://turnbackhoax.id/2024/11/23/salah-cagub-jateng-ahmad-luthfi-kalau-arahan-telah-kuberikan-sabda-nabi-pun-harus-kau-tinggalkan/
"[SALAH] Pemerintah Mau Impor 1,8 Juta Ton Susu untuk â€œProgram Makan Bergiziâ€","Faktanya, kebijakan yang diambil adalah mengundang investor Vietnam untuk membangun industri sapi perah di Indonesia.","Faktanya, kebijakan yang diambil adalah mengundang investor Vietnam untuk membangun industri sapi perah di Indonesia.
Unggahan berisi narasi â€œpemerintah mengimpor 1,8 juta ton susu dari Vietnam untuk â€˜Program Makan Bergiziâ€™â€ merupakan konten yang menyesatkan (misleading content.).


Akun Facebook â€œPeternak Inovatifâ€ pada Sabtu (9/11/2024) membagikan foto [arsip], isinya mengeklaim pemerintah mengimpor 1,8 juta ton susu dari Vietnam untuk â€œProgram Makan Bergiziâ€.
Unggahan disertai narasi:

Kirain suplai susunya bakal diambil dari peternak lokal, karena itu akan ikut membantu perputaran ekonomi dalam negri, harusnya bisa untuk mencicil hutang juga 
Netizen menduga adanya indikasi permainan lahan bisnis, dan yang diuntungkan adalah tender kolega sendiri


Dari pengamatan Tim Pemeriksa Fakta Mafindo (TurnBackHoax), terdapat logo dan tulisan â€œLiputan6â€ dalam unggahan tersebut.
Hingga Jumat (22/11/2024), konten itu menuai lebih dari 3.600 impresi, 2.300-an komentar, serta dibagikan ulang 1.000 kali.
Pemeriksaan Fakta
TurnBackHoax mengecek keaslian judul unggahan di laman Liputan6. Hasilnya, media tersebut tak pernah mempublikasikan berita â€œ1,8 Juta Ton Susu Program Makan Bergizi Gratis akan Diimpor dari Vietnamâ€. Judul asli reportase adalah â€œKementan akan Undang Investor Vietnam Penuhi 1,8 Juta Ton Susu Sapi Program Makan Bergiziâ€ yang tayang Minggu (27/11/2024).
Dalam berita lain, yakni di cnnindonesia.com, Kementerian Pertanian telah membantah tidak ada rencana impor 1,8 juta ton susu untuk menjalankan â€œProgram Makan Bergiziâ€.Â 
â€œKebijakan yang diinisiasi oleh Kementan adalah mengundang investor asal Vietnam untuk membangun industri sapi perah di Indonesia dengan tujuan meningkatkan produksi susu nasional, bukan untuk mengimpor produk susu,â€ kata Kepala Biro Humas dan Informasi Publik Kementan Moch Arief Cahyono, dikutip CNN Indonesia, Minggu (27/10/2024).
Kesimpulan
Unggahan berisi narasi â€œpemerintah mengimpor 1,8 juta ton susu dari Vietnam untuk â€˜Program Makan Bergiziâ€™â€ merupakan konten yang menyesatkan (misleading content.).
(Ditulis oleh Nauli)
 1 2",No Tags,https://turnbackhoax.id/2024/11/22/salah-pemerintah-mau-impor-18-juta-ton-susu-untuk-program-makan-bergizi/
[SALAH] KPU Sleman Sebar Flyer Hasil Analisis â€œDebat Pilkada Sleman 2024â€,"Faktanya, KPU Sleman tidak pernah melakukan penilaian, mengeluarkan hasil analisis, maupun melakukan survei tentang debat dan hasil debat.","Faktanya, KPU Sleman tidak pernah melakukan penilaian, mengeluarkan hasil analisis, maupun melakukan survei tentang debat dan hasil debat.
Unggahan berisi informasi â€œKPU Sleman sebar flyer hasil analisis Debat Pilkada Sleman 2024â€ merupakan konten palsu (fabricated content).


Akun Facebook â€œKaryati Kamalâ€ pada Rabu (13/11/2024) mengunggah foto [arsip] berupa infografis dengan logo Komisi Pemilihan Umum (KPU) disertai narasi:

â€œAnalisis Panelis Independen Debat Ketiga Pilkada Sleman Pasangan Calon Bupati dan Wakil Bupati Slemanâ€



Pemeriksaan Fakta
Artikel disadur dari Tribun Jogja.Â 
Ketua KPU Sleman Ahmad Baehaqi mengatakan pihaknya tidak pernah melakukan penilaian serta mengeluarkan hasil analisis tentang debat dan hasil debat dengan lembaga atau pihak manapun.
â€œJuga tidak bekerja sama dengan lembaga manapun dalam hal itu karena memang tidak melakukan apa-apa, kecuali fasilitasi debat,â€ ucapnya, Rabu (13/11/2024).
Ia menyebut pencantuman logo dan identitas KPU Kabupaten Sleman itu merupakan pencatutan oleh pihak yang tidak bertanggungjawab.
Kesimpulan
Unggahan berisi informasi â€œKPU Sleman sebar flyer hasil analisis Debat Pilkada Sleman 2024â€ merupakan konten palsu (fabricated content).
(Ditulis oleh Vania Astagina)
 1 2",No Tags,https://turnbackhoax.id/2024/11/22/salah-kpu-sleman-sebar-flyer-hasil-analisis-debat-pilkada-sleman-2024/
[SALAH] WHO Akui Mpox sebagai Efek Samping Vaksin Covid-19,Kementerian Kesehatan RI telah menegaskan Mpox bukan efek samping vaksin dari COVID-19.,"Kementerian Kesehatan RI telah menegaskan Mpox bukan efek samping vaksin dari COVID-19.Â 
Unggahan berisi informasi â€œWHO akui Mpox sebagai efek samping vaksin Covid-19â€ merupakan konten yang menyesatkan (misleading content). 


Akun Facebook â€œFernando Tambunanâ€ pada Selasa (22/10/2024) mengunggah foto [arsip] berupa tangkapan layar berisi informasi tentang World Health Organization (WHO) yang mengakui Mpox atau cacar monyet sebagai efek samping vaksin Covid-19.
Berikut narasi lengkapnya:

â€œOrganisasi Kesehatan Dunia (WHO) Perserikatan Bangsa-Bangsa* (PBB) telah mengakui bahwa â€œcacar monyet* sebenarnya adalah â€œefek sampingâ€ dari â€œvaksin mRNAâ€ Covid. Pengakuan tersebut dikubur di situs web VigiAccess milik WHO. Situs web tersebut berisi basis data yang mencantumkan semua efek samping yang diketahui dari semua obat dan vaksin yang telah disetujui untuk penggunaan publik. Di bawah â€œefek samping potensialâ€ untuk vaksin COVID-19 Prizer BioNTech, WHO mencantumkan cacar monyet,â€ *cacar air,* dan â€œcacar sapiâ€ di antara ratusan gangguan lainnya.
Kalo sama kominfo langsung di buat berita hoax ğŸ˜‚â€



Pemeriksaan Fakta
Tim Pemeriksa Fakta Mafindo (TurnBackHoax) melakukan penelusuran dengan memasukkan kata kunci â€œWHO Admit Monkeypox is side effect of Covid-19â€ ke mesin pencari Google. Hasilnya, terdapat beberapa artikel yang telah membahas klaim tersebut.
Pada Oktober 2024, pemeriksa fakta reuters.com menuliskan bahwa dalam VigiAccess (laman informasi publik milik WHO mengenai efek samping pengobatan) terdapat laporan cacar di masyarakat yang telah menerima vaksin Pfizer-BioNTech. Namun, itu hanya cacar biasa, tidak terindikasi sebagai Mpox.Â 
Setelah melakukan penelusuran di laman resmi WHO, tidak ada informasi yang menyatakan vaksin Pfizer-BioNTech (maupun vaksin Covid-19 lainnya) menyebabkan efek samping penyakit Mpox.
Menurut mediabiasfactcheck.com, Slay Newsâ€”sumber unggahan akun Facebook â€œFernando Tambunanâ€â€”merupakan situs yang memiliki kredibilitas rendah.
Kementerian Kesehatan (Kemenkes) RI pun telah menegaskan Mpox bukan efek samping dari vaksin COVID-19.Â 
â€œPenyakit Mpox ini tidak dapat dikatakan karena efek samping dari vaksin Covid-19. Itu tidak ada hubungannya,â€ kata Juru Bicara Kemenkes Mohammad Syahril, dikutip dari laman Kemenkes, Senin (2/9/2024).
Kesimpulan
Unggahan berisi informasi â€œWHO akui Mpox sebagai efek samping vaksin Covid-19â€ merupakan konten yang menyesatkan (misleading content).
(Ditulis oleh Vania Astagina)
 1 2",No Tags,https://turnbackhoax.id/2024/11/22/salah-who-akui-mpox-sebagai-efek-samping-vaksin-covid-19/
[SALAH] Dirut Garuda Indonesia Dipecat Prabowo karena Tolak Turunkan Harga Tiket,Tidak ditemukan pemberitaan dari media kredibel yang membenarkan klaim.,"Tidak ditemukan pemberitaan dari media kredibel yang membenarkan klaim.
Unggahan berisi klaim â€œDirut Garuda Indonesia dipecat Prabowo karena tolak turunkan harga tiketâ€ merupakan konten yang menyesatkan (misleading content).


Akun TikTok â€œdokter_egie_yudhistiraâ€ pada Sabtu (16/11/2024) mengunggah video [arsip] disertai narasi:

â€œTEGAS!! TOLAK TURUNKAN HARGA TIKET PESAWAT DIRUT GARUDA Indonesia DIPECAT PRABOWOâ€





Per Jumat (22/11/2024), unggahan tersebut telah menuai hampir 140 ribu tanda suka, lebih dari 10 ribu komentar, serta dibagikan ulang sekitar 13 ribu kali.Â 
Tim Pemeriksa Fakta Mafindo (TurnBackHoax) mencari kebenaran klaim menggunakan fitur pencarian Google dengan kata kunci â€œDirut PT Garuda Indonesia Dipecatâ€.
Hasilnya, diketahui sejumlah media massa telah memberitakan hal ini, beberapa di antaranya:

detik.com lewat reportase â€œErick Thohir Copot Irfan Setiaputra dari Dirut Garudaâ€. Direktur Utama (Dirut) Garuda Indonesia Irfan Setiaputra dicopot dari jabatannya karena terjadi perombakan susunan direksi. Namun, tidak terdapat informasi detail mengenai penyebab pencopotan Irfan.
suara.com melalui berita Kata Irfan Setiaputra Usai Dicopot Erick Thohir dari Dirut Garuda Indonesia. Menteri BUMN Erick Thohir menerangkan keputusan pemberhentian Direktur Utama (Dirut) diambil dalam Rapat Umum Pemegang Saham Luar Biasa (RUPSLB) yang digelar Jumat (15/11/2024).Â 

Tidak ditemukan pemberitaan dari media kredibel yang membenarkan klaim â€œDirut Garuda Indonesia dipecat Prabowo karena tolak turunkan harga tiketâ€.
Kesimpulan
Unggahan berisi klaim â€œDirut Garuda Indonesia dipecat Prabowo karena tolak turunkan harga tiketâ€ merupakan konten yang menyesatkan (misleading content)
(Ditulis oleh Vinanda Febriani)
 1 2",No Tags,https://turnbackhoax.id/2024/11/22/salah-dirut-garuda-indonesia-dipecat-prabowo-karena-tolak-turunkan-harga-tiket/
[PENIPUAN] Kirim Loker PT Pos Indonesia Lewat Sebuah Tautan,Unggahan akun TikTok â€œkantorposindonesia_01â€ yang berisi informasi loker PT Pos Indonesia merupakan konten tiruan (impostor content).,"Unggahan akun TikTok â€œkantorposindonesia_01â€ yang berisi informasi loker PT Pos Indonesia merupakan konten tiruan (impostor content).


Akun TikTok â€œkantorposindonesia_01â€ pada Sabtu (9/11/2024) mengunggah video [arsip] berisi informasi lowongan kerja (loker) PT Pos Indonesia. Berikut narasi lengkapnya:

â€œAYO BERGABUNG DI PT POS INDONESIA LINK PENDAFTARAN DI BIOâ€


Terdapat tautan lokerposindonesia[dot]myhrd[dot]my[dot]id yang diklaim sebagai laman pendaftaran.
Per Kamis (21/11/2024), unggahan telah disukai hampir 50 akun dan dibagikan ulang belasan kali. Adapun akun TikTok â€œkantorposindonesia_01â€ sudah menjaring sekitar 1.500 pengikut dan kontennya disukai lebih dari 14 ribu kali.
Pemeriksaan Fakta
Tim Pemeriksa Fakta Mafindo (TurnBackHoax) menelusuri keaslian informasi lewat akun Facebook resmi perusahaan, â€œPos Indonesiaâ€. Hasilnya, ditemukan penjelasan dari Pos Indonesia.
â€œWaspada terhadap akun palsu yang mengatasnamakan PT Pos Indonesia (Persero) di TikTok! Akun resmi PT Pos Indonesia hanya @posindonesia_official,â€ tulis PT Pos Indonesia pada Sabtu (9/11/2024).
Kesimpulan
Unggahan akun TikTok â€œkantorposindonesia_01â€ yang berisi informasi loker PT Pos Indonesia merupakan konten tiruan (impostor content).
(Ditulis oleh Rahmah)
 1 2",No Tags,https://turnbackhoax.id/2024/11/22/penipuan-kirim-loker-pt-pos-indonesia-lewat-sebuah-tautan/
[PENIPUAN] Rekrutmen Tenaga Pendukung Teknis Kemenko Perekonomian,Kemenko Perekonomian telah menandai informasi tersebut sebagai hoaks.,"Kemenko Perekonomian telah menandai informasi tersebut sebagai hoaks.
Unggahan berisi informasi dan tautan â€œRekrutmen Tenaga Pendukung Teknis Kemenko Perekonomianâ€ merupakan konten palsu (fabricated content).


Akun Facebook â€œFebrian artonoâ€ pada Selasa (5/11/24) mengunggah foto [arsip] berupa informasi rekrutmen Tenaga Pendukung Teknis Kementerian Koordinator Bidang Perekonomian (Kemenko Perekonomian).Â 
Unggahan disertai narasi:

â€œKemenko perekonomian sedang membuka lowongan pekerjaan secara besar-besaran bulan ini, segera daftarkan diri anda melalui link dibawahâ€



Per Jumat (21/11/2024) unggahan menuai lebih dari 80 impresi dan belasan komentar.
Pemeriksaan Fakta
Tim Pemeriksa Fakta Mafindo pertama-tama menelusuri akun Facebook resmi Kemenko Perekonomian, Kemenko Perekonomian RI. Dalam akun dengan 28 ribu pengikut itu, terdapat unggahan berisi tangkapan layar rekrutmen serupa. Kemenko Perekonomian telah menandai informasi tersebut sebagai hoaks.
â€œPastikan bahwa informasi yang diperoleh bersumber dari kanal-kanal resmi Kemenko Perekonomian,â€ tulis Kemenko Perekonomian di akun Facebook-nya, Selasa (5/11/24).
Berikut kanal resmi dari Kemenko Perekonomian:

www.ekon.go.id
Twitter, Instagram, Facebook, TikTok, Threads, dan YouTube @PerekonomianRI
LinkedIn: Coordinating Ministry for Economic Affairs of the Republic of Indonesia

Kesimpulan
Unggahan berisi informasi dan tautan â€œRekrutmen Tenaga Pendukung Teknis Kemenko Perekonomianâ€ merupakan konten palsu (fabricated content).
(Ditulis oleh Rahmah)
 1 2",No Tags,https://turnbackhoax.id/2024/11/22/penipuan-rekrutmen-tenaga-pendukung-teknis-kemenko-perekonomian/
[PENIPUAN] Lamaran Kerja di PT Freeport Indonesia,Informasi resmi mengenai perekrutan calon karyawan hanya bisa diakses di https://ptfi.co.id/id/karir.,"Informasi resmi mengenai perekrutan calon karyawan hanya bisa diakses di https://ptfi.co.id/id/karir.Â 
Unggahan berisi informasi â€œlowongan pekerjaan PT Freeport Indonesiaâ€ dari akun tak resmi itu merupakan konten palsu (fabricated content).


Tim Pemeriksa Fakta Mafindo (TurnBackHoax) pada Kamis (31/10/2024) menemukan unggahan foto [arsip] di akun Facebook â€œGustiana Biana Zakiyyahâ€. Isinya berupa informasi mengenai lowongan pekerjaan (loker) di PTÂ  Freeport Indonesia.
Berikut narasi lengkapnya:

LOWONGAN KERJA
Pertamina Pegawai Baru Pabrik PT FREEPORT Indonesia
Syarat-Syarat
1. Pria â€“ Wanita
2.18 â€“ 57 th
3. Gaji Perbulan Rp 3,7 JT â€“ Rp 4,7 JT
4. SMP, SMA, SMK
Posisi
1. Helper
2. Operator
4. Satpam
5. OB
6.Peking tukang bongkar muat barang dll
Fasilitas
1. Gaji UMR
2. Seragam
3. BPJS
PENEMPATAN KERJA BULAN INI SEBELUM TERLAMBAT KLIK DI BAWAH INI
Nb: info lengkapnya silakan
WA saja :+6289516574344
Link WhatsApp 
https://wa[dot]me/message/Q3C5FECUOOWDE1

Pemeriksaan Fakta
TurnBackHoax mencari informasi di laman resmi PT Freeport Indonesia dalam bagian â€œkarierâ€ (https://ptfi.co.id/id/karir). Tidak ditemukan informasi loker dengan formasi seperti yang dicantumkan akun Facebook â€œGustiana Biana Zakiyyahâ€.
Penelusuran berlanjut ke akun Instagram resmi perusahaan â€œfreeportindonesia â€. Ditemukan sematan cerita berisi imbauan penipuan mencatut nama PT Freeport Indonesia. Perusahaan menegaskan kalau informasi resmi mengenai perekrutan calon karyawan hanya bisa diakses di https://ptfi.co.id/id/karir.Â 
Sebelumnya, TurnBackHoax sering mengulas klaim loker mencatut PT Freeport Indonesia, beberapa di antaranya:

[PENIPUAN] Pendaftaran Kerja PT Freeport Lewat Tautan di Facebook
[PENIPUAN] Link Lowongan Kerja PT Freeport di Facebook
[SALAH] Lowongan Pekerjaan di PT. Freeport Indonesia
[SALAH] Lowongan Kerja PT Freeport Indonesia

Kesimpulan
Unggahan berisi informasi â€œlowongan pekerjaan PT Freeport Indonesiaâ€ dari akun tak resmi itu merupakan konten palsu (fabricated content).
(Ditulis oleh Arief Putra Ramadhan)
 1 2",No Tags,https://turnbackhoax.id/2024/11/21/penipuan-lamaran-kerja-di-pt-freeport-indonesia/
[PENIPUAN] Wapres Gibran Bikin Program Bedah Rumah,Tidak ditemukan informasi resmi dari laman wapresri.go.id tentang program tersebut.,"Tidak ditemukan informasi resmi dari laman wapresri.go.id tentang program tersebut.
Unggahan berisi narasi â€œProgram Bedah Rumah yang diselenggarakan langsung oleh Wakil Presiden Gibran Rakabumingâ€ merupakan konten tiruan (impostor content).


Akun Facebook â€œbeda rumahâ€ membagikan foto [arsip] yang menginformasikan adanya â€œProgram Bedah Rumahâ€ yang dibuat oleh Wakil Presiden (Wapres) Gibran Rakabuming.
Berikut narasi lengkapnya:

â€œPROGRAM BEDAH RUMAH YANG DI SELENGGARAKAN LANGSUNG OLEH Gibran Rakabuming Raka, B.Sc.
Daftarkan diri!!! Anda,keluarga,tetangga,kerabat atau orang yang menurut anda rumah sudah tidak layak huni dengan cara kirim poto rumah mengirim foto rumah nya dan foto orang yang menurut anda rumah sudah tidak layak huni. DAFTAR SEKARANG.
INI BERLAKU DI SELURUH WILAYAH INDONESIAâ€
â€œSegera Daftar diri anda tersedia di seluruh kabupaten , kecamatan dan kota yang ada di Indonesiaâ€


Hingga Kamis (21/11/2024), terdapat warganet yang tertarik dengan program tersebut, ditunjukkan dengan komentar â€œdaftarnya di manaâ€.
Pemeriksaan Fakta
Tim Pemeriksa Fakta Mafindo (TurnBackHoax) melakukan penelusuran di laman resmi wapresri.go.id dengan memasukkan kata kunci â€œBedah Rumahâ€ dalam kolom pencarian Hasilnya, tidak ditemukan informasi mengenai â€œProgram Bedah Rumahâ€ dari Wapres Gibran.
TurnBackHoax lalu mencari tahu seputar â€œProgram Bedah Rumahâ€. Diketahui, dilansir dari laman rumah123.com, pemerintah pusat memiliki program Bantuan Stimulan Perumahan Swadaya (BSPS) yang dijalankan Direktorat Jenderal Perumahan.
Program itu diperuntukan bagi masyarakat berpenghasilan rendah (MBR) dengan mengajukan diri ke kepala desa atau lurah setempat, bukan lewat tautan di media sosial.
Penelusuran berlanjut menggunakan Google Lens untuk mengetahui keaslian foto dalam unggahan akun Facebook â€œbeda rumahâ€. Diketahui, foto itu berasal dari pemberitaan BeritaSatu.com yang tayang Juli 2024.
Konteks asli foto adalah momen pertemuan Ketua Umum Partai Solidaritas Indonesia (PSI) Kaesang Pangarep bersama Airlangga Hartarto (yang kala itu merupakan Ketua Umum Partai Golongan Karya). Tidak ada pembahasan mengenai â€œProgram Bedah Rumahâ€ dalam pertemuan tersebut.
TurnBackHoax juga menelusuri tautan pendaftaran yang ada di profil akun Facebook â€œbeda rumahâ€. Ternyata, tautan tersebut meminta pengguna memasukkan nama lengkap sesuai KTP dan nomor telepon Telegram, lalu meminta memasukkan kode OTP.
Kesimpulan
Unggahan berisi narasi â€œProgram Bedah Rumah yang diselenggarakan langsung oleh Wakil Presiden Gibran Rakabumingâ€ merupakan konten tiruan (impostor content).
(Ditulis oleh Moch. Marcellodiansyah)
 1 2",No Tags,https://turnbackhoax.id/2024/11/21/penipuan-wapres-gibran-bikin-program-bedah-rumah/
"[PENIPUAN] Kuis Tebak Kata dari Cagub Jabar Dedi Mulyadi, Hadiah Rp50 Juta",Kuis tersebut tidak ditemukan di akun media sosial pribadi Dedi Mulyadi.,"Kuis tersebut tidak ditemukan di akun media sosial pribadi Dedi Mulyadi.
Unggahan berisi klaim â€œDedi Mulyadi membuat kuis tebak kata dengan hadiah Rp50 juta di TikTokâ€ merupakan konten tiruan (impostor content).


Akun TikTok â€œkangdedymulyadi00â€ mengunggah video [arsip] berisi klaim Calon Gubernur Jawa Tengah Dedi Mulyadi akan memberi Rp50 juta bagi yang berhasil menembak kata dari susunan huruf acak.Â 
Berikut narasi lengkapnya:

â€œm-e-g-a-n-g-l-a. Sampai saat ini belum ada yang bisa, yusun nama kota di atas dengan benar saya transfer 50jt.â€


Hingga Senin (18/11/2024) unggahan telah disukai dan dibagikan ulang lebih dari 3.800 kali.
Pemeriksaan Fakta
Tim Pemeriksa Fakta Mafindo (TurnBackHoax) menelusuri foto yang digunakan dalam unggahan lewat Google Lens. Hasilnya, diketahui laman ayobandung.com pada Februari 2024 memakai foto serupa yang berasal dari akun Instagram resmi Dedi Mulyadi â€œdedimulyadi71â€.
Penelusuran berlanjut ke akun Instagram â€œdedimulyadi71â€. Ternyata, foto yang digunakan akun TikTok â€œkangdedymulyadi00â€ berasal dari unggahan akun Instagram pribadi Dedi Mulyani pada November 2023. Unggahan akun TikTok â€œkangdedymulyadi00â€ merupakan hasil manipulasi dari foto tersebut.
Di akun Instagram resmi, tidak ada konten mengenai â€œDedi Mulyadi mengadakan kuis tebak kata dengan hadiah puluhan juta rupiahâ€. Untuk akun TikTok, Dedi Mulyadi hanya memiliki satu akun, yakni â€œkangdedimulyadiofficialâ€ yang kini memiliki 1,4 juta pengikut.
Kesimpulan
Unggahan berisi klaim â€œDedi Mulyadi membuat kuis tebak kata dengan hadiah Rp50 juta di TikTokâ€ merupakan konten tiruan (impostor content).
(Ditulis oleh Moch. Marcellodiansyah)
 1 2",No Tags,https://turnbackhoax.id/2024/11/21/penipuan-kuis-tebak-kata-dari-cagub-jabar-dedi-mulyadi-hadiah-rp50-juta/
[PENIPUAN] Loker Lembaga Kebijakan Pengadaan Barang/Jasa Pemerintah (LKPP),Informasi resmi mengenai lowongan kerja di LKPP hanya bisa diakses dari laman www.rekrutmen.lkpp.go.id.,"Informasi resmi mengenai lowongan kerja di LKPP hanya bisa diakses dari laman www.rekrutmen.lkpp.go.id.
Unggahan berisi informasi â€œlowongan kerja (loker) di LKPPâ€ adalah konten palsu (fabricated content).


Akun TikTok â€œloker_terbaik_bumnâ€ pada Jumat (15/11/2024) mengunggah foto [arsip] berisi informasi mengenai lowongan kerja (loker) di Lembaga Kebijakan Pengadaan Barang/Jasa Pemerintah (LKPP).
Berikut informasi lengkapnya:

â€œLowongan Kerja Lembaga Kebijakan Pengadaan Barang/Jasa Pemerintah (LKPP)Posisi Jabatan :1. Kegiatan Pembinaan Wilayah UKPBJ2. Pengelola Sistem Informasi3. Pengadaan Jasa Lainnya Pengelola Dokumen Monitoring Dan Evaluasi Jabatan Fungsional Pengelola Pengadaan Barang/Jasa (JF PPBJ) di Direktorat Pengembangan Profesi dan Kelembagaan Tahun Anggaran 20244. Pengadaan Jasa Lainnya Programmer di Direktorat Perencanaan Transformasi, Pemantauan dan Evaluasi Pengadaan Tahun Anggaran 20245. Pengadaan Jasa Lainnya Pengembangan Organisasi RB I Tahun Anggaran 20246. Pengadaan Jasa Lainnya Pengembangan Organisasi RB II Tahun Anggaran 2024â€




Dalam takarir, pengunggah mengajak warganet untuk mengunjungi tautan pendaftaran loker.
Per Kamis (21/11/2024), unggahan tersebut telah disukai 230-an akun dan dibagikan ulang 230 kali.
Pemeriksaan Fakta
Tim Pemeriksa Fakta Mafindo (TurnBackHoax) pertama-tama mengakses tautan dalam unggahan. Diketahui, tautan mengarah ke laman berisi kumpulan info loker. Setelah mengklik salah satu loker, pengunjung diminta mengisi nama dan nomor telepon untuk mendapatkan OTP melalui SMS.Â Â 
TurnBackHoax kemudian memasukkan kata kunci â€œLowongan kerja resmi di LKPPâ€ ke mesin pencari Google. Pencarian teratas mengarah ke laman www.rekrutmen.lkpp.go.id yang tidak memuat loker sebagaimana unggahan akun TikTok â€œloker_terbaik_bumnâ€.Â 
Kesimpulan
Unggahan berisi informasi â€œlowongan kerja (loker) di LKPPâ€ adalah konten palsu (fabricated content). Informasi resmi mengenai lowongan kerja di LKPP hanya bisa diakses dari laman www.rekrutmen.lkpp.go.id.
(Ditulis oleh Vinanda Febriani)
 1 2",No Tags,https://turnbackhoax.id/2024/11/21/penipuan-loker-lembaga-kebijakan-pengadaan-barang-jasa-pemerintah-lkpp/
[SALAH] Ahmad Luthfi Bilang Mau Kembali ke Kampung jika Kalah Pilkada Jateng,"Konten yang beredar merupakan hasil suntingan dari berita berjudul â€œTampil Gemilang di Debat Perdana, Luthfi-Gus Yasin Buktikan Siap Pimpin Jawa Tengahâ€.","Konten yang beredar merupakan hasil suntingan dari berita berjudul â€œTampil Gemilang di Debat Perdana, Luthfi-Gus Yasin Buktikan Siap Pimpin Jawa Tengahâ€.
Unggahan dengan klaim â€œAhmad Luthfi bilang mau kembali ke kampung jika kalah Pilkada Jatengâ€ merupakan konten yang dimanipulasi (manipulated content).


Akun TikTok â€œsingaopa11â€ pada Selasa, (12/11/2024) mengunggah foto [arsip] berupa tangkapan layar berita berjudul:
â€œKalau Kalah, Saya Akan Kembali ke Kampung Saya di Jawa Timur, Ucap Ahmad Luthfiâ€
Per Kamis (21/11/2024), unggahan tersebut telah menuai lebih dari 25 ribu tanda suka, hampir 4.500 komentar, dan dibagikan ulang sekitar 180-an kali.



Pemeriksaan Fakta
Tim Pemeriksa Fakta Mafindo (TurnBackHoax) pertama-tama memastikan kebenaran klaim dengan memasukkan kata kunci â€œAhmad Luthfi Kembali ke Jawa Timurâ€ ke mesin pencarian Google. Hasilnya, tidak ditemukan satu pun pemberitaan media mengenai hal itu.
TurnBackHoax kemudian menelusuri foto tangkapan layar tersebut menggunakan Google Lens. Diketahui, konteks foto asli berasal dari pemberitaan awall.id berjudul â€œTampil Gemilang di Debat Perdana, Luthfi-Gus Yasin Buktikan Siap Pimpin Jawa Tengah. Foto dalam berita yang tayang Jumat (1/11/2024) itu telah disunting oleh pembuat konten unggahan akun TikTok â€œsingaopa11â€.
Unggahan dengan klaim â€œAhmad Luthfi bilang mau kembali ke kampung jika kalah Pilkada Jatengâ€ merupakan konten yang dimanipulasi (manipulated content).
(Ditulis oleh Vinanda Febriani)
 1 2",No Tags,https://turnbackhoax.id/2024/11/21/salah-ahmad-luthfi-bilang-mau-kembali-ke-kampung-jika-kalah-pilkada-jateng/
[PENIPUAN] Bank Indonesia Dukung Lomba Menggambar dan Melukis Online,Bank Indonesia telah membantah adanya keterlibatan dalam mendukung lomba tersebut.,"Bank Indonesia telah membantah adanya keterlibatan dalam mendukung lomba tersebut.
Unggahan berisi informasi â€œLomba Menggambar dan Melukis Onlineâ€ yang menyematkan logo Bank Indonesia itu merupakan merupakan konten palsu (fabricated content) untuk modus penipuan.


Perusahaan bernama â€œDana Cipta Investasiâ€ mengadakan â€œLomba Menggambar dan Melukis Onlineâ€ untuk anak hingga dewasa, hadiah yang ditawarkan mencapai Rp50 juta. Kegiatan itu diumumkan lewat akun Instagram â€œDana Cipta Investasiâ€ dalam foto sorotan cerita [arsip] pada Kamis (14/11/2024).
Berikut narasi lengkap dalam foto tersebut:

â€œLomba Menggambar / Melukis (Online). Kategori: * Anak (usia 6-12 tahun); * Remaja (usia 13-17 tahun); * Dewasa (usia 18-75 tahun). ğŸ Hadiah: (masing-masing kategori akan mendapatkan) * Juara 1 : Rp50.000.000,- + e-sertifikat * Juara 2 : Rp30.000.000,- + e-sertifikat * Juara 3 : Rp20.000.000,- + e-sertifikat * 10 besar: @Rp1.000.000,-+e-sertifikat ğŸ–¼ï¸ Semua peserta akan mendapatkan e-sertifikat. ğŸ’¸ Biaya Pendaftaran: Rp50.000,-. Kuota Terbatas. Pendaftaran Klik Link di Bawah Ini atau Klik Link di Bio. Supported By: *logo Bank Indonesia*â€



Dalam unggahan itu tersemat logo Bank Indonesia (BI) yang diklaim sebagai salah satu pihak yang mendukung lomba tersebut.
Pemeriksaan Fakta
Disadur dari artikel Cek Fakta Liputan6.com
Cek Fakta Liputan6.com menelusuri dengan mengunjungi akun resmi Bank Indonesia di Instagram â€œbank_indonesiaâ€ yang sudah bercentang biru atau terverifikasi. Terdapat bantahan yang diunggah pada Minggu (17/11/2024).
â€œHati-hati, ya, Sobat! Bank Indonesia tidak pernah meminta biaya pendaftaran pada masyarakat untuk kegiatan apa pun. Jadi, bisa dipastikan, perlombaan yang dicantumkan pada visual adalah hoaks!â€ tulis BI.
Dalam unggahan pengumuman lomba itu terdapat tautan yang mengarahkan pengguna mengisi data pribadi dan menyetorkan sejumlah uang, ada pula permintaan untuk mengisi formulir pinjaman tunai cepat.
Kesimpulan
Unggahan berisi informasi â€œLomba Menggambar dan Melukis Onlineâ€ yang menyematkan logo Bank Indonesia itu merupakan merupakan konten palsu (fabricated content) untuk modus penipuan.
(Ditulis oleh Moch. Marcellodiansyah)
 1 2",No Tags,https://turnbackhoax.id/2024/11/21/penipuan-bank-indonesia-dukung-lomba-menggambar-dan-melukis-online/
[PENIPUAN] Menkomdigi Meutya Hafid Mau Bagi-Bagi Rp20 Juta dari Gajian Menteri,"Audio dalam unggahan merupakan hasil rekayasa kecerdasan buatan (artificial intelligence/AI), probabilitasnya mencapai 96,6%.","Audio dalam unggahan merupakan hasil rekayasa kecerdasan buatan (artificial intelligence/AI), probabilitasnya mencapai 96,6%.
Video dengan narasi â€œMeutya Hafid bagi-bagi Rp20 juta dari gaji pertama sebagai menteriâ€ merupakan konten tiruan (impostor content).


Akun TikTok â€œMeutya Hafidâ€ pada Selasa (22/10/2024) mengunggah video [arsip] yang memperlihatkan sosok Menteri Komunikasi dan Digital (Menkomdigi) membacakan narasi:

â€œAssalamualaikum semua Saya Mutia Hafid mengucapkan rasa syukur atas kepercayaan yang diberikan bapak Prabowo Subianto kepada Saya mengisi jabatan menteri di kabinet Indonesia Maju melalui akun tiktok. Yang pertama saya mau berbagi Rp20.000.000 dari gaji pertama akan saya bagikan untuk anda khusus yang sudah follow, tekan love, dan bagikan postingan doakan Saya agar bisa menjalankan tugas sebagai menteri dan terus berbagi 20 juta dimanapun Anda berada.â€



Per Rabu (20/11/2024), konten tersebut sudah ditonton lebih dari 12 ribu kali dan disukai 120-an akun.
Pemeriksaan Fakta
Tim Pemeriksa Fakta Mafindo (TurnBackHoax) pertama-tama menelusuri kebenaran klaim dengan mengecek audio unggahan menggunakan Hive Moderation. Hasilnya, diketahui audio itu merupakan hasil rekayasa kecerdasan buatan (artificial intelligence/AI), probabilitasnya mencapai 96,6%.
Meutya Hafid tidak memiliki akun tiktok, dan tidak ada unggahan serupa di Instagram pribadi resmi Meutya Hafid â€œMeutya_hafidâ€.
Kesimpulan
Video dengan narasi â€œMeutya Hafid bagi-bagi Rp20 juta dari gaji pertama sebagai menteriâ€ merupakan konten tiruan (impostor content).
(Ditulis oleh Vania Astagina)
 1 2",No Tags,https://turnbackhoax.id/2024/11/20/penipuan-menkomdigi-meutya-hafid-mau-bagi-bagi-rp20-dari-gajian-menteri/
[SALAH] Video Suasana Ruang Ganti Timnas Arab Saudi Usai Kalah dari Indonesia,Konten merupakan potongan dokumentasi momen pelatih Timnas Arab Saudi memberikan pidato saat melawan Argentina di Piala Dunia 2022,"Konten merupakan potongan dokumentasi momen pelatih Timnas Arab Saudi memberikan pidato saat melawan Argentina di Piala Dunia 2022
Video berisi narasi â€œsuasana ruang ganti Timnas Arab Saudi setelah kalah dari Indonesiaâ€ adalah konten yang menyesatkan (misleading content).


Beredar video [arsip] yang diunggah akun Instagram â€œfootballstory81â€ pada Rabu (20/11/2024) disertai narasi:Â 

â€œSuasana ruang ganti timnas Arab Saudi setelah kalah dari King Indoâ€


Video ini sudah ditonton lebih dari dua juta kali, disukai 58 ribu akun lainnya, dan dihujani 2.000-an komentar.
Pemeriksaan Fakta
Tim Pemeriksa Fakta Mafindo (TurnBackHoax) pertama-tama menelusuri kebenaran klaim dengan melakukan pencarian gambar di Google Images menggunakan potongan video. Hasilnya, ditemukan video dengan durasi lebih panjang, diunggah di akun X Tim Nasional Arab Saudi pada November 2022.
Pencarian juga menemukan potongan video diunggah di kanal YouTube Oh My Goal â€“ The Best of Football pada November 2022 dengan judul â€œHervÃ© Renardâ€™s PASSIONATE Speech At Half-Time Changed The Course Of Saudi Arabia vs. Argentinaâ€
Berdasarkan hasil pencarian dengan kata kunci â€œHervÃ© Renard half-time speech that changed the course for Saudi Arabia againstÂ  Argentinaâ€, ditemukan artikel â€œHow Herve Renardâ€™s half-time team talk inspired Saudi Arabiaâ€™s comeback over Argentinaâ€ yang diterbitkan oleh nytimes.com pada November 2022.
Konteks aslinya, HervÃ© Renard, pelatih tim nasional Arab Saudi, memberikan pidato kepada timnya saat melawan Argentina di Piala Dunia 2022, kalimatnya seperti â€œApa yang kita lakukan di sini?â€ dan â€œMenekan bukan berarti kamu harus maju terlalu tinggiâ€.
Kesimpulan
Video berisi narasi â€œsuasana ruang ganti Timnas Arab Saudi setelah kalah dari Indonesiaâ€ merupakan konten yang menyesatkan (misleading content).
 1 2",No Tags,https://turnbackhoax.id/2024/11/20/salah-video-suasana-ruang-ganti-timnas-arab-saudi-usai-kalah-dari-indonesia/
[PENIPUAN] Cagub Jatim Khofifah Bagi-Bagi Uang Puluhan Juta,"Hasil deteksi Hive Moderation menunjukkan audio dalam video yang beredar merupakan hasil rekayasa AI, probabilitasnya 99,8 persen.","Hasil deteksi Hive Moderation menunjukkan audio dalam video yang beredar merupakan hasil rekayasa AI, probabilitasnya 99,8 persen.
Video Khofifah berbagi uang Rp10 juta merupakan konten tiruan (impostor content).


Beredar video [arsip] dari akun TikTok â€œkhofifah_indar.officialâ€ yang memperlihatkan Khofifah Indar Parawansa (Calon Gubernur Jawa Timur) mengatakan ingin membagi bantuan Rp10 juta khusus bagi yang benar-benar membutuhkan.
Berikut narasi yang diucapkan Khofifah dalam video:

â€œAssalamualaikum warahmatullahi wabarakatuh salam sejahtera untuk kita semua semoga kita semua selalu dalam lindungan yang maha kuasa. Saya Khofifah Indar Parawansa di akun TikTok ini spesial Jumat berkah saya akan berbagi bantuan 10 juta. Bantuan ini hanya untuk yang benar-benar membutuhkan ya, silahkan bagikan postingan ini, lalu tekan tanda hati dan tanda panah. Semoga bantuan ini bisa bermanfaat ya.â€



Unggahan per Minggu (17/11/2024) telah ditayangkan 10 ribu kali, dibagikan hampir 500 kali, dan disukai sekitar 430-an pengguna TikTok.
Pemeriksaan Fakta
Disadur dari artikel Periksa Fakta Tirto.id.
Tim Riset Tirto pertama-tama mengunjungi Instagram Khofifah, @khofifah.ip, dan akun TikTok @khofifah.official. Hasilnya, tidak ditemukan unggahan resmi yang memberikan informasi serupa.
Penelusuran berlanjut dengan mengunggah potongan audio konten tersebut ke alat pendeteksi AI dari Hive Moderation. Diketahui, audio dalam video yang beredar merupakan hasil rekayasa AI dengan probabilitas sebesar 99,8 persen.
Tirto kemudian menelusuri foto Khofifah yang digunakan dalam video lewat Google Image dan Yandex. Gambar itu rupanya pernah dimuat dalam siaran YouTube Tribunnews dan Tribun Jatim. Namun, keduanya tak membahas perihal Khofifah berbagi Rp10 juta.
Kesimpulan
Video Khofifah berbagi uang Rp10 juta merupakan konten tiruan (impostor content).
(Ditulis oleh Moch. Marcellodiansyah)
 1 2",No Tags,https://turnbackhoax.id/2024/11/20/penipuan-cagub-jatim-khofifah-bagi-bagi-uang-puluhan-juta/
[PENIPUAN] Mamah Dedeh Mau Kasih Bantuan Rp35 Juta,Audio dalam konten yang beredar adalah hasil rekayasa AI dengan probabilitas 98 persen.,"Audio dalam konten yang beredar adalah hasil rekayasa AI dengan probabilitas 98 persen.
Video Mamah Dedeh ingin membagikan Rp35 juta merupakan konten palsu (fabricated content).


Akun Instagram â€œbisnisonline2298â€ pada Selasa (29/11/2024) membagikan video [arsip] yang menunjukkan Dedeh Rosidah (Mamah Dedeh) ingin memberi Rp35 juta bagi warganet.Â 
Berikut narasi yang diucapkan Mamah Dedeh dalam video:

â€œAssalamualaikum, halo saya Dede Rosida atau sering dipanggil mamah dedeh, saya sudah Haji 33 kali perkenalkan ini adalah akun tiktok pertama saya untuk kamu jika menemukan postingan ini selamat karena saya akan membagikan bantuan 35 juta bagi yang ketahuan, follow dan share VT ini. Ini bukan kebetulan mungkin sudah rezeki kamu.â€



Per Selasa (19/11/2024) unggahan disukai lebih dari 560 akun, diputar hampir 800 kali, dan dihujani 2.200-an komentar yang sebagian besar mempercayai video itu sebagai informasi asli dari Mamah Dedeh.
Pemeriksaan Fakta
Tim Pemeriksa Mafindo (TurnBackHoax) menelusuri tangkapan gambar dari video itu dengan Google Lens. Hasilnya, ditemukan foto Mamah Dedeh dengan latar dan pakaian serupa dalam artikel tabloidbintang.com â€œKritik Mamah Dedeh di Depan Yusril Ihza Mahendra: Rakyat Bosan Banyak Janjiâ€ yang tayang April 2016.
Penelusuran berlanjut dengan menganalisa audio dalam video dengan alat pendeteksi AI dari ElevenLabs.io. Diketahui, audio dalam video tersebut merupakan hasil rekayasa AI dengan probabilitas 98 persen.
Kesimpulan
Video Mamah Dedeh ingin membagikan Rp35 juta merupakan konten palsu (fabricated content).
(Ditulis oleh Moch. Marcellodiansyah)
 1 2",No Tags,https://turnbackhoax.id/2024/11/20/penipuan-mamah-dedeh-mau-kasih-bantuan-rp35-juta/
"[SALAH] Menko Pangan Zulkifli Hasan Ditangkap, Buntut Kasus Impor Gula",Tidak ada pemberitaan dari media kredibel yang membenarkan klaim tersebut.,"Tidak ada pemberitaan dari media kredibel yang membenarkan klaim tersebut.
Unggahan berisi narasi â€œZulkifli Hasan ditangkap, buntut kasus impor gulaâ€ merupakan konten yang menyesatkan (misleading content).


Akun TikTok â€œputripolitik1954â€ pada Jumat (15/11/2024) mengunggah foto [arsip] berisi informasi mengenai penangkapan Menteri Koordinator (Menko) Bidang Pangan Zulkifli Hasan (Zulhas).
Berikut narasi lengkapnya:
â€œAkhirnya ketua umum Partai Amanat Nasional ditangkap kasus impor gula. Nah gitu dong. Akhirnya Komisi Kejaksaan perintahkan Mendag yang jabat dari 2015-2023 diperiksaâ€



Per Rabu (20/11/2024) unggahan tersebut telah menuai lebih dari 15 ribu tanda suka, 2,8 ribu komentar, dan dibagikan ulang hampir 900 kali.
Pemeriksaan Fakta
Tim Pemeriksa Fakta Mafindo (TurnBackHoax) pertama-tama mengecek keaslian foto sampul (thumbnail) unggahan lewat Google Lens. Penelusuran mengarah ke video di kanal YouTube Hodari Podcast Rakyat berjudul â€œNah gitu dongâ€¦!! Akhirnya Komisi Kejaksaan perintahkan Mendag yang jabat dari 2015-2023 diperiksaâ€.
Video yang tayang pada Rabu (13/11/2024) itu sama sekali tak membenarkan klaim tentang penangkapan Zulhas.
TurnBackHoax kemudian memasukkan kata kunci â€œZulkifli Hasan ditangkap buntut dari kasus impor gulaâ€ ke mesin pencari Google. Tidak ada media yang memberitakan klaim tersebut.
Lewat penelusuran dengan kata kunci â€œMendag diperiksa terkait impor gulaâ€, ditemukan berita cnnindonesia.com (tayang 16 November 2024) mengenai desakan Komisi III DPR RI terhadap Kejaksaan Agung (Kejagung) untuk memeriksa menteri perdagangan lain setelah periode kepemimpinan Tom Lembong. Namun, tidak ada narasi tentang penangkapan Zulhas.
Kesimpulan
Unggahan berisi narasi â€œZulkifli Hasan ditangkap, buntut kasus impor gulaâ€ merupakan konten yang menyesatkan (misleading content).
(Ditulis oleh Vinanda Febriani)
 1 2",No Tags,https://turnbackhoax.id/2024/11/20/salah-menko-pangan-zulkifli-hasan-ditangkap-buntut-kasus-impor-gula/
[SALAH] Kebijakan Baru: Petugas Samsat Datangi Rumah Penunggak Pajak,"Penagihan pajak kendaraan bermotor ke rumah itu tidak berlaku serentak di seluruh Indonesia, tergantung masing-masing pemerintah daerah.","Penagihan pajak kendaraan bermotor ke rumah itu tidak berlaku serentak di seluruh Indonesia, tergantung masing-masing pemerintah daerah.
Unggahan dengan narasi â€œsamsat akan datangi rumah penunggak pajak kendaraan bermotorâ€ merupakan konten yang menyesatkan (misleading content). Tidak semua daerah menerapkan kebijakan tersebut.


Akun Facebook â€˜Guru mengemudiâ€™ pada Sabtu (9/11/2024) membagikan foto [arsip] disertai narasi:

â€œKebijakan Baru! Samsat Ini Akan Datangi Rumah Penunggak Pajak Kendaraan Bermotorâ€Â 



Hingga Selasa (19/11/2024) unggahan disukai sekitar 290 akun dan dihujani 300-an komentar.
Pemeriksaan Fakta
Dilansir dari pemberitaan Kompas.com yang tayang Agustus 2024, tata cara pemungutan pajak kendaraan bermotor (PKB) sepenuhnya merupakan kewenangan masing-masing daerah, termasuk soal penagihan langsung ke rumah wajib pajak. Kebijakan itu termaktub dalam UU No. 1 Tahun 2022 tentang Hubungan Keuangan antara Pemerintah Pusat dan Daerah.
Beberapa daerah yang telah menerapkan penagihan PKB di rumah antara lain:

Jawa Tengah,Â 
Sulawesi Selatan,Â 
Kabupaten Ogan Komering Ulu (OKU) di Sumatra Selatan.

Kesimpulan
Unggahan dengan narasi â€œsamsat akan datangi rumah penunggak pajak kendaraan bermotorâ€ merupakan konten yang menyesatkan (misleading content). Tidak semua daerah menerapkan kebijakan tersebut.
(Ditulis oleh Raymondha Elsha)
 1 2",No Tags,https://turnbackhoax.id/2024/11/20/salah-kebijakan-baru-petugas-samsat-datangi-rumah-penunggak-pajak/
"[PENIPUAN] Lowongan Kerja Berbagai Posisi di Kantor Whoosh, Tawarkan Gaji Puluhan Juta",Informasi mengenai loker dan besaran gaji yang dicantumkan dalam unggahan tersebut tidak sesuai dengan yang ada di laman resmi kcic.co.id.,"Informasi mengenai loker dan besaran gaji yang dicantumkan dalam unggahan tersebut tidak sesuai dengan yang ada di laman resmi kcic.co.id.
Unggahan TikTok berisi informasi â€œlowongan kerja berbagai posisi di kantor Whoosh, tawarkan gaji puluhan jutaâ€ merupakan konten yang menyesatkan (misleading content).


Akun TikTok â€œinfolokerglobalâ€ pada Selasa (29/10/2024) mengunggah foto [arsip] selebaran berisi informasi mengenai lowongan kerja (loker) di kantor Whoosh.
Konten disertai narasi:

â€œLowongan Kerja di Kantor WHOOSH Gaji sekitar Rp.6.000.000 hingga Rp.20.000.000 per bulan
Tersedia berbagai posisiâ€

Dalam takarir, pengunggah mengajak warganet untuk mengunjungi tautan pendaftaran loker.



Per Rabu (20/11/2024) unggahan disukai lebih dari 3.000 ribu akun, dibagikan ulang hampir 1.000 kali, dan dikomentari puluhan warganet.
Pemeriksaan Fakta
Tim Pemeriksa Fakta Mafindo (TurnBackHoax) pertama-tama mengakses tautan dalam unggahan. Diketahui, tautan mengarah ke laman berisi informasi lowongan â€œMandarin Interpreterâ€ di Kereta Cepat Indonesia China (KCIC) yang merupakan operator Whoosh.
TurnBackHoax kemudian menelusuri kcic.co.id/karir, kanal informasi resmi KCIC. Hasilnya, di laman itu tersedia keterangan mengenai loker â€œMandarin Interpreter tanpa disertai informasi soal gaji.
Kesimpulan
Unggahan TikTok berisi informasi â€œlowongan kerja berbagai posisi di kantor Whoosh, tawarkan gaji puluhan jutaâ€ merupakan konten yang menyesatkan (misleading content).
(Ditulis oleh Vinanda Febriani)
 1 2",No Tags,https://turnbackhoax.id/2024/11/20/penipuan-lowongan-kerja-berbagai-posisi-di-kantor-whoosh-tawarkan-gaji-puluhan-juta/
[SALAH] Tidak Ada Penolakan Program Cetak Sawah 1 Juta Ha di Papua Selatan,"Faktanya, proyek lumbung pangan tersebut mendapat penolakan dari berbagai masyarakat Papua dan aktivis.","Faktanya, proyek lumbung pangan tersebut mendapat penolakan dari berbagai masyarakat Papua dan aktivis.Â 
Unggahan berisi klaim â€œpenolakan program percetakan sawah 1 juta hektare di Papua Selatan adalah kabar bohongâ€ merupakan konten yang menyesatkan (misleading content).


Akun TikTok â€œKabar dari Timurâ€ pada Selasa (12/11/2024) mengunggah video [arsip] berupa infografis disertai narasi:

â€œHoaks! Klaim penolakan program percetakan sawah 1 juta hektar di Papua Selatan adalah kabar bohongâ€



Per Selasa (19/11/2024), unggahan telah dilihat lebih dari 700 kali dan dikomentari 100 warganet, mayoritas optimistis pemerintahan baru akan memperkuat berbagai sektor.
Pemeriksaan Fakta
Tim Pemeriksa Fakta TurnBackHoax memasukkan kata kunci â€œIsu penolakan lumbung pangan di Papuaâ€ ke mesin pencari Google. Penelusuran mengarah ke sejumlah pemberitaan yang membahas hal tersebut.
Majalah Tempo edisi 22 September 2024 menyebut Prabowo telah merencanakan lumbung pangan ini telah direncanakan oleh Prabowo sejak lama dengan melibatkan Kementerian Pertahanan, Kementerian Pertanian, PT Sucofindo, serta Jhonlin Group.
Kedatangan Sucofindo ke Merauke (Papua Selatan) sempat menuai penolakan dari masyarakat adat di Kampung Bibikem, Distrik Ilwayab, dan Kampung Es Wambi, lantaran tanah ulayat yang akan dijadikan sawah.
Dilansir dari pemberitaan voaindonesia.com yang tayang September 2024, pihak lain yang menyuarakan penolakan adalah:

Yayasan Pusaka Bentala Rakyat (PUSAKA). Proyek dirasa menyebabkan deforestasi besar besaran, melanggar hak hidup masyarakat adat, dan merusak lingkungan hidup di wilayah hutan adat.Â 
Lembaga Bantuan Hukum (LBH) Papua. Alasannya, wilayah operasional 10 perusahaan pengemban program strategis nasional (PSN) di Merauke masuk dalam wilayah taman nasional, suaka marga satwa, dan cagar alam.

Kesimpulan
Unggahan berisi klaim â€œpenolakan program percetakan sawah 1 juta hektare di Papua Selatan adalah kabar bohongâ€ merupakan konten yang menyesatkan (misleading content).
(Ditulis oleh Vania Astagina)
 1 2",No Tags,https://turnbackhoax.id/2024/11/19/salah-tidak-ada-penolakan-program-cetak-sawah-1-juta-ha-di-papua-selatan/
[SALAH] Budi Arie Seret Jokowi di Kasus Judi Online,Tidak ada sumber kredibel yang membenarkan Budi Arie menyeret Jokowi di kasus judi online.,"Tidak ada sumber kredibel yang membenarkan Budi Arie menyeret Jokowi di kasus judi online.
Video berisi narasi â€œBudi Arie seret Jokowi di kasus judi onlineâ€ merupakan konten yang menyesatkan (misleading content)


Beredar video [arsip] dari kanal YouTube â€œKAJIAN ASWAJAâ€ yang menyebut Budi Arie menyeret Jokowi di kasus judi online.
Berikut narasi lengkapnya:

GEGER! MULYONO GAK BISA TIDUR, MENKOMINFO SERET JKW DIKASUS BEKINGI JUDOL
MULYONO GAK BISA TIDUR MALAM INI
BUDI ARI SERET JKW DI KASUS (BEKING JUDOL)

Sejak diunggah Rabu (6/11/2024), video tersebut telah ditonton lebih dari 34 ribu kali per Selasa (19/11/2024).
Pemeriksaan Fakta
Tim Pemeriksa Fakta Mafindo (TurnBackHoax) pertama-tama menelusuri kebenaran klaim dengan memasukkan kata kunci â€œBudi Arie seret Jokowi di kasus judi onlineâ€ ke mesin pencarian Google. Hasilnya, tidak ditemukan informasi terkait hal itu.
TurnBackHoax kemudian menelusuri sampul foto video itu lewat Google Lens dan tidak menemukan gambar serupa. Potret dalam sampul video merupakan hasil suntingan atau manipulasi dari penggabungan sejumlah gambar.
Dari pengamatan TurnBackHoax, video berdurasi 15 menit 15 detik itu hanya menayangkan ulang video dari kanal YouTube Refly Harun â€œSALING BONGKAR! VIRAL KASUS JUDOL DI KOMDIGI! MENKOMDIGI BLAK-BLAKAN: JUDOL DI PARPOL BANYAK JUGA!â€ yang tayang Rabu (6/11/2024).
Kesimpulan
Video berisi narasi â€œBudi Arie seret Jokowi di kasus judi onlineâ€ merupakan konten yang menyesatkan (misleading content).
(Ditulis oleh Pekik Jalu Utomo)
 1 2",No Tags,https://turnbackhoax.id/2024/11/19/salah-budi-arie-seret-jokowi-di-kasus-judi-online/
[PENIPUAN] Ada Bantuan Pra-Lansia untuk Peserta BPJS di atas 60 Tahun,Kepala Humas BPJS Kesehatan Rizzky Anugerah mengatakan informasi bantuan pra-lansia tersebut adalah hoaks.,"Kepala Humas BPJS Kesehatan Rizzky Anugerah mengatakan informasi bantuan pra-lansia tersebut adalah hoaks.
Unggahan berisi pemberitahuan â€œada bantuan pra-lansia bagi peserta BPJS yang berusia di atas 60 tahunâ€ merupakan konten palsu (fabricated contect) dan modus penipuan.


Akun Facebook â€œDenny Herawatiâ€ pada Rabu (18/11/2024) membagikan foto [arsip] berisi pemberitahuan adanya program bantuan pra-lansia bagi peserta BPJS yang berusia di atas 60 tahun.
Berikut narasi lengkapnya:

â€œ*Berita Gembira* ini baru PRESIDENKU Masa Depanku ğŸ‡®ğŸ‡©ğŸ‡®ğŸ‡©ğŸ‡®ğŸ‡©
Beruntungnya yang sudah berumur diatas 60 tahun, pengalihan program makan gratis ke santunan Pra-lansia.
BANTUAN PRA-LANSIA PROGRAM PEMERINTAH YG BARU UNTUK SELURUH MASYARAKAT PEMEGANG BPJS YANG BERUMUR DIATAS 60 TAHUN (Kategori Pra Lansia)
Sesuai dengan Kepres No. 212/Kepres/RI/I0/2024, bahwa semua Masyarakat yang sudah berumur 60 tahun keatas, akan menerima Tunjangan Lansia, langsung masuk Rekening ATM sebesar Rp. 1.250.000,- perÂ  bulannya per Kartu Keluarga (KK) *dengan tujuan untuk memenuhi kebutuhan sehari hari para Pra- Lansia sehingga tidak memberatkan kehidupan keluarga.
Â Â Â Â Â Program ini akan diÂ 
Â Â Â Â Â mulai per 01 April 2025.
Hal ini merupakan komitmen terbaru dari Menteri Keuangan, diperkuat oleh PernyataanÂ  Presiden di depan semua Kepala Daerah se Indonesia.â€Â 



Pemeriksaan Fakta
Disadur dari artikel Cek Fakta Kompas.
Kepala Humas BPJS Kesehatan Rizzky Anugerah mengatakan, informasi bantuan pra-lansia tersebut adalah hoaks dan merupakan modus penipuan.
â€œIni hoaks dan penipuan. Tidak ada bantuan dan program seperti hal tersebut. Masyarakat agar berhati-hati terhadap penipuan mengatasnamakan BPJS Kesehatan,â€ kata Rizzky kepada Kompas.com, Kamis (14/11/2024).
Masyarakat dapat menghubungi saluran komunikasi resmi apabila memiliki pertanyaan atau keluhan seputar BPJS Kesehatan, dapat diakses melalui:

Care Center 165Â 
Aplikasi Mobile JKN
Pandawa (Pelayanan Melalui WA) 08118165165

Kesimpulan
Unggahan berisi pemberitahuan â€œada bantuan pra-lansia bagi peserta BPJS yang berusia di atas 60 tahunâ€ merupakan konten palsu (fabricated contect).
(Ditulis oleh Raymondha Elsha)
 1 2",No Tags,https://turnbackhoax.id/2024/11/19/penipuan-ada-bantuan-pra-lansia-untuk-peserta-bpjs-di-atas-60-tahun/
[SALAH] Sukabumi Dilanda Banjir Bandang Setinggi Delapan Meter,Tidak ada sumber kredibel yang menyebut banjir bandang setinggi delapan meter melanda Sukabumi.,"Tidak ada sumber kredibel yang menyebut banjir bandang setinggi delapan meter melanda Sukabumi.
Narasi dalam judul dan thumbnail video yang beredar telah dilebih-lebihkan, merupakan konten yang dimanipulasi (manipulated content).


Pada Jumat (8/11/2024) kanal YouTube â€œAlarm Alamâ€ membagikan video [arsip] dan mengeklaimnya sebagai dokumentasi â€œbanjir bandang setinggi 8 meter melanda Sukabumiâ€.
Unggahan disertai narasi:

â€œNGERI | Lebih Dahsyat | Sukabumi Meluap Lagi | Banjir Bandang Semakin Meluas & Parah Capai 8 Meterâ€Â 


Hingga Selasa (19/11/2024) video sudah ditonton lebih dari 100 ribu kali.
Pemeriksaan Fakta
Dilansir dari sukabumiupdate.com, Dinas Komunikasi dan Informatika (Diskominfo) Kota Sukabumi menyampaikan video tersebut adalah hoaks atau menyesatkan.Â 
Dokumentasi yang beredar merupakan penggabungan dari berbagai video, termasuk bencana banjir di Kecamatan Pelabuhan Ratu, Kota Sukabumi, yang diunggah kanal YouTube KOMPASTVÂ  pada Januari 2017.Â 
Hujan deras di Kota Sukabumi hanya terjadi pada Selasa (5/11/2024), dua hari setelahnya tak terjadi cuaca ekstrem seperti yang dinarasikan dalam unggahan kanal YouTubeÂ  â€œAlarm Alamâ€.
Kesimpulan
Narasi dalam judul dan thumbnail video yang beredar telah dilebih-lebihkan, merupakan konten yang dimanipulasi (manipulated content).
(Ditulis oleh Raymondha Elsha)
 1 2",No Tags,https://turnbackhoax.id/2024/11/19/salah-sukabumi-dilanda-banjir-bandang-setinggi-delapan-meter/
[SALAH] KPK Mau Dibekukan Prabowo kalau Gagal Kejar Koruptor dalam 100 Hari,Tidak ada pernyataan resmi dari Prabowo atau pemberitaan media kredibel yang membenarkan klaim tersebut.,"Tidak ada pernyataan resmi dari Prabowo atau pemberitaan media kredibel yang membenarkan klaim tersebut.
Unggahan dengan narasi â€œPrabowo akan bekukan KPK sementara waktu jika tidak berhasil mengejar koruptor dalam 100 hari kerjaâ€Â  adalah konten yang menyesatkan (misleading content).


Akun TikTok â€œutusankhususâ€ pada Kamis, (7/11/2024) mengunggah foto [arsip], isinya menyebut Prabowo akan membekukan KPK jika instansi itu gagal mengejar koruptor dalam 100 hari kerja.
Berikut narasi lengkapnya:

â€œPrabowo akan menambah anggaran untuk KPK, namun jika dalam 100 hari tidak bisa mengejar koruptor, KPK akan dibekukan sementaraâ€




Per Selasa (19/11/2024), unggahan telah menuai lebih dari 230 ribu tanda suka, 8.700-an komentar, dan dibagikan ulang sekitar 3.100 kali.
Pemeriksaan Fakta
Disadur dari artikel Cek Fakta Antara.
Dari penelusuran Antara, Presiden Prabowo memang menegaskan komitmen dalam pemberantasan korupsi dengan melakukan penambahan anggaran khusus. Tujuannya agar dapat memburu dan menangkap para pelaku tindak pidana korupsi.
â€œSaya akan cek kembali anggaran dan menyisihkan dana khusus untuk pemberantasan serta pengejaran koruptor,â€ kata Prabowo dalam sambutannya pada acara penutupan Rapat Pimpinan Nasional (Rapimnas) Partai Gerindra di Indonesia Arena, GBK, Jakarta, Sabtu (31/8/2024).
Meski begitu, Antara tidak menemukan pernyataan resmi Prabowo terkait rencana pembekuan sementara KPK apabila tidak dapat komisi tersebut tidak bisa menangkap koruptor dalam kurun waktu 100 hari.
Kesimpulan
Unggahan dengan narasi â€œPrabowo akan bekukan KPK sementara waktu jika tidak berhasil mengejar koruptor dalam 100 hari kerjaâ€Â  adalah konten yang menyesatkan (misleading content).
(Ditulis oleh Vinanda Febriani)
 1 2",No Tags,https://turnbackhoax.id/2024/11/19/salah-kpk-mau-dibekukan-prabowo-kalau-gagal-kejar-koruptor-dalam-100-hari/
[PENIPUAN] Tautan Akses Bantuan BUMN Klaster Pangan,"Tautan tak mengarah ke laman resmi, pengunjung diminta memasukkan data pribadi berupa nama lengkap dan nomor telegram aktif.","Tautan tak mengarah ke laman resmi, pengunjung diminta memasukkan data pribadi berupa nama lengkap dan nomor telegram aktif.
Unggahan berisi tautan https://klasterpanganbumn.jobstreetnews.com untuk mengakses bantuan dari BUMN Klaster Pangan merupakan konten palsu (fabricated content) untuk modus penipuan,


Akun Facebook â€œBUMN Holding Panganâ€ pada Senin (28/10/2024) membagikan foto [arsip] berisi info â€œProgram Bantuan Khusus Kesejahteraan Petani, Peternak, dan Nelayan dari BUMN Klaster Pangan.
Berikut narasinya:

â€œPROGRAM BANTUAN KHUSUS DANA HIBAH UNTUK KESEJAHTERAAN PETANI, PETERNAK DAN NELAYAN. DARI BUMN KLASTER PANGAN, SEPTEMBER 2024.
Untuk Syarat dan ketentuan penerima bantuan klik linkâ€Â 


Terdapat tautan https://klasterpanganbumn.jobstreetnews.com yang diklaim sebagai laman informasi untuk mengakses bantuan.
Hingga Selasa (19/11/2024) unggahan telah mendapat 1.200 tanda suka, 380-an komentar, dan telah dibagikan ulang hampir 20 kali.
Pemeriksaan Fakta
Disadur dari artikel Cek Fakta Tempo.
Untuk diketahui, BUMN Klaster Pangan dibentuk untuk memperbaiki ekosistem pangan dalam negeri, isinya terdiri dari sejumlah perusahaan seperti:

PT RNI (Persero),Â 
PT PPI (Persero),Â 
PT Perikanan Indonesia,Â 
PT Perikanan Nusantara (Persero),Â 
PT Garam (Persero),Â 
PT Pertani (Persero),Â 
PT BGR Logistics (Persero),Â 
PT Berdikari (Persero), danÂ 
PT Sang Hyang Seri (Persero).

Tautan yang dibagikan dalam unggahan akun Facebook â€œBUMN Holding Panganâ€ tidak ditemukan dalam laman masing-masing perusahaan. Tautan tak mengarah ke laman resmi, pengunjung diminta memasukkan data pribadi berupa nama lengkap dan nomor telegram aktif.
Kesimpulan
Unggahan berisi tautan https://klasterpanganbumn.jobstreetnews.com untuk mengakses bantuan dari BUMN Klaster Pangan merupakan konten palsu (fabricated content) untuk modus penipuan.
(Ditulis oleh Raymondha Elsha)
 1 2",No Tags,https://turnbackhoax.id/2024/11/19/penipuan-tautan-akses-bantuan-bumn-klaster-pangan/
[PENIPUAN] Menko Infra AHY Bagikan Bantuan Rp35 Juta,Hasil deteksi Hive Moderation menunjukkan audio dalam video yang beredar merupakan hasil rekayasa AI.,"Hasil deteksi Hive Moderation menunjukkan audio dalam video yang beredar merupakan hasil rekayasa AI.
Unggahan dengan narasi â€œAHY membagikan bantuan Rp 35jutaâ€ merupakan konten tiruan (impostor contect).


Akun TikTok â€œagusharimurtiiyudhoyonoâ€ pada Kamis (24/11/2024) membagikan video [arsip]. Isinya menampilkan Menteri Koordinator Bidang Infrastruktur dan Pembangunan Kewilayahan (Menko Infra) Agus Harimurti Yudhoyono (AHY) yang mengatakan dirinya ingin memberi bantuan Rp35 juta bagi pengguna TikTok yang menghubungi nomor dalam bio akun.
Berikut narasi lengkapnya:

â€œHalo Assalamualaikum. Saya Agus Harimurti Yudhoyono, menteri di kabinet Presiden Indonesia. Ini adalah akun baru saya. Siapa saja yang menemukan video ini, saya akan memberikan bantuan buat kalian yang membutuhkan modal usaha dan biaya sekolah sebesar Rp 35 juta. Bantuan ini akan saya berikan bagi yang sudah ketahuan follow dan share video ini. Ingat ini sudah menjadi rezeki kalian. Terima kasih.â€Â 



Pemeriksaan Fakta
Tim Pemeriksa Fakta Mafindo (TurnBackHoax) menelusuri audio unggahan di Hive Moderation. Hasilnya, audio dalam video yang beredar merupakan hasil rekayasa AI dengan probabilitas 99,9%.Â 
Dalam akun Instagram resmi AHY â€œagusyudhoyonoâ€ juga tidak ditemukan pernyataan soal bantuan dana, sebagaimana unggahan akun TikTok â€œagusharimurtiiyudhoyonoâ€.
Kesimpulan
Video dengan narasi â€œAHY menjanjikan transfer uang Rp35 jutaâ€ merupakan konten tiruan (impostor contect).
(Ditulis oleh Raymondha Elsha)
 1 2",No Tags,https://turnbackhoax.id/2024/11/19/penipuan-menko-infra-ahy-bagikan-bantuan-rp35-juta/
[SALAH] Luluk-Lukman Unggul dalam Survei Elektabilitas Pilkada Jatim,"Faktanya, tidak ditemukan lembaga survei bernama Indo Survey & Consulting. Hasil survei dari sejumlah lembaga kredibel tidak menunjukkan unggulnya pasangan Lulu-Lukman.","Faktanya, tidak ditemukan lembaga survei bernama Indo Survey & Consulting. Hasil survei dari sejumlah lembaga kredibel tidak menunjukkan unggulnya pasangan Lulu-Lukman.Â 
Unggahan berisi informasi â€œPasangan Luluk-Lukman Unggul dalam Survei dari Indo Survey & Consulting (ISC)â€ merupakan konten palsu (fabricated content).Â 


Akun TikTok â€œinfoprobolinggo.comâ€ pada Jumat (01/11/2024) mengunggah foto [arsip] yang memperlihatkan hasil survei Indo Survey & Consulting (ISC) mengenai elektabilitas Pilkada Jawa Timur.
Unggahan disertai narasi:

â€œHasil survei terbaru elektabilitas calon Gubernur dan Wakil Gubernur Jawa Timur! Pasangan Luluk-Lukman unggul sementara dengan 31,1%, diikuti oleh Khofifah-Emil dengan 30,8% dan Risma-Gus Hans dengan 25,5%â€



Hingga Senin (18/11/2024) unggahan tersebut sudah dilihat lebih dari 40 ribu kali dan disukai sekitar 160-an pengguna TikTok. Konten ini juga menuai hampir 100 komentar, mayoritas mempercayai informasi dalam unggahan.
Pemeriksaan Fakta
Disadur dari artikel Periksa Fakta Tirto.id
Berdasarkan penelusuran Tim Riset Tirto, tidak ditemukan adanya lembaga survei bernama Indo Survey & Consulting. Selain itu, hasil survei elektabilitas di Jawa Timur dari beberapa lembaga survei kredibel, seperti Indikator Politik dan Poltracking, tidak menunjukkan pasangan Luluk-Lukman unggul.

Survei Indikator Politik (9â€”14 September 2024) merekam pasangan Khofifah-Emil punya elektabilitas tertinggi di Jawa Timur (61,2 persen). Risma-Gus Hans mengekor dengan 26 persen, lalu Luluk-Lukman sebesar 2,2 persen.
Survei Poltracking (4â€”10 Oktober 2024) merekam elektabilitas Khofifah-Emil paling tinggi (67,5 persen) diikuti Risma-Gus Hans dan Luluk-Lukman yang masing-masing mengantongi 24,6 persen dan 2,8 persen.

Kesimpulan
Unggahan berisi informasi â€œpasangan Luluk-Lukman Unggul dalam Survei dari Indo Survey & Consulting (ISC)â€ merupakan konten palsu (fabricated content).
(Ditulis oleh Vania Astagina)
 1 2",No Tags,https://turnbackhoax.id/2024/11/18/salah-luluk-lukman-unggul-dalam-survei-elektabilitas-pilkada-jatim/
